id,F1,F2,F3,F4,F5,F6,F7,F8,F9,F10,F11,F12,F13,F14,F15,F16,F17,F18,F19,F20,F21,F22,F23,F24,F25,F26,F27,F28
FOODS_3_001_TX_3_validation,0,0,0,0,0,0,0,0,0,0,0,0,0,0,0,0,0,0,0,0,0,0,0,0,0,0,0,0
FOODS_3_002_TX_3_validation,1,0,0,0,0,0,1,1,0,0,1,1,1,1,1,0,1,1,1,1,1,1,1,1,1,1,1,0
FOODS_3_003_TX_3_validation,1,1,1,1,1,1,1,1,1,1,1,1,1,1,1,1,1,1,1,1,1,1,1,1,1,1,1,1
FOODS_3_004_TX_3_validation,0,0,0,0,0,0,0,0,0,0,0,0,0,0,0,0,0,0,0,0,0,0,0,0,0,0,0,0
FOODS_3_005_TX_3_validation,1,0,0,0,0,0,0,1,0,0,1,0,0,0,1,0,0,0,0,1,1,1,1,0,1,1,1,1
FOODS_3_006_TX_3_validation,1,1,1,1,1,1,1,1,1,1,1,1,1,1,1,1,1,1,1,1,1,1,1,1,1,1,1,1
FOODS_3_007_TX_3_validation,1,0,0,1,0,1,0,2,0,0,3,1,3,2,1,0,2,3,2,4,3,3,3,2,3,1,2,0
FOODS_3_008_TX_3_validation,5,5,5,5,5,4,5,2,4,5,7,5,5,5,5,6,5,5,5,5,5,6,5,5,5,6,6,3
FOODS_3_009_TX_3_validation,1,1,1,1,1,1,1,1,1,1,1,1,1,1,1,1,1,1,1,1,1,1,1,1,1,1,1,1
FOODS_3_010_TX_3_validation,1,1,1,1,1,1,1,1,1,1,1,1,1,1,1,1,1,1,1,1,1,1,1,1,1,1,1,1
FOODS_3_011_TX_3_validation,0,0,0,0,0,1,1,0,0,0,0,0,1,1,0,0,0,0,1,1,1,0,0,0,0,1,1,0
FOODS_3_012_TX_3_validation,1,0,0,0,0,1,0,0,0,0,0,0,1,0,0,1,0,0,0,1,0,0,1,0,0,0,1,0
FOODS_3_013_TX_3_validation,0,1,1,1,0,0,0,0,0,0,1,0,0,1,0,1,1,1,0,0,0,0,0,0,0,0,0,0
FOODS_3_014_TX_3_validation,0,1,1,1,1,1,1,1,0,0,1,1,1,1,1,1,1,1,1,1,1,1,1,1,1,1,1,0
FOODS_3_015_TX_3_validation,2,2,2,2,2,2,2,1,1,1,1,2,2,2,1,2,2,2,2,2,2,1,1,2,2,2,2,1
FOODS_3_016_TX_3_validation,1,1,1,1,1,1,1,1,1,1,1,1,1,1,1,1,1,1,1,1,1,1,1,1,1,1,1,1
FOODS_3_017_TX_3_validation,0,0,0,0,0,0,0,0,0,0,0,0,0,0,0,0,0,0,0,0,0,0,0,0,0,0,0,0
FOODS_3_018_TX_3_validation,1,1,1,1,1,1,1,1,1,1,1,1,1,1,1,1,1,1,1,1,1,1,1,1,1,1,1,1
FOODS_3_019_TX_3_validation,0,0,0,0,0,0,0,0,0,0,0,0,0,0,0,0,0,0,0,0,0,0,0,0,0,0,0,0
FOODS_3_020_TX_3_validation,1,1,1,2,2,2,3,2,1,2,3,2,2,3,2,1,2,2,2,2,3,2,2,2,2,2,2,2
FOODS_3_021_TX_3_validation,2,2,1,1,1,2,2,2,2,1,1,1,2,2,2,1,1,1,1,2,2,2,1,1,1,1,2,2
FOODS_3_022_TX_3_validation,0,0,0,0,0,0,0,0,0,0,0,0,0,0,0,0,0,0,0,0,0,0,0,0,0,0,0,0
FOODS_3_023_TX_3_validation,1,1,1,1,1,1,1,1,1,1,1,1,1,2,2,2,1,1,1,1,2,1,1,1,1,1,1,1
FOODS_3_024_TX_3_validation,1,1,1,1,2,2,3,1,2,2,3,2,3,4,4,2,4,3,3,4,4,4,4,4,3,3,3,0
FOODS_3_025_TX_3_validation,1,2,2,1,1,1,1,1,1,1,2,1,1,1,1,1,1,1,1,1,1,1,1,1,1,1,1,1
FOODS_3_026_TX_3_validation,1,0,0,0,0,1,1,0,1,0,0,0,1,1,1,2,1,1,1,1,1,1,1,1,1,1,1,0
FOODS_3_027_TX_3_validation,1,1,1,1,1,1,1,1,1,1,1,1,1,1,1,1,1,1,1,1,1,1,1,1,1,1,1,1
FOODS_3_028_TX_3_validation,1,1,1,1,1,1,1,2,1,1,1,1,1,2,2,1,1,2,2,2,2,2,2,1,2,2,1,2
FOODS_3_029_TX_3_validation,1,1,1,0,1,1,1,1,1,1,0,1,2,1,1,1,1,1,1,2,1,1,1,1,1,1,2,3
FOODS_3_030_TX_3_validation,6,5,8,10,15,19,17,6,7,7,9,13,17,16,10,1,7,6,10,15,15,11,11,11,12,15,19,24
FOODS_3_031_TX_3_validation,0,0,0,0,0,0,0,0,0,0,0,0,0,0,0,0,0,0,0,0,0,0,0,0,0,0,0,0
FOODS_3_032_TX_3_validation,1,1,1,1,1,1,1,1,1,1,1,1,1,1,1,0,1,1,1,1,1,1,1,1,1,1,1,1
FOODS_3_033_TX_3_validation,0,0,0,0,0,0,0,0,0,0,0,0,0,0,0,0,0,0,0,0,0,0,0,0,0,0,0,0
FOODS_3_034_TX_3_validation,0,0,0,0,0,0,0,1,1,0,0,1,1,1,1,0,1,1,1,1,1,1,1,1,1,1,0,0
FOODS_3_035_TX_3_validation,1,0,1,1,1,1,1,1,0,1,1,1,0,1,1,0,1,1,0,0,1,1,1,1,1,1,1,0
FOODS_3_036_TX_3_validation,0,0,0,0,0,0,0,0,0,0,0,0,0,0,0,0,0,0,0,0,0,0,0,0,0,0,0,0
FOODS_3_037_TX_3_validation,1,0,1,1,1,1,1,1,0,1,1,1,1,1,1,1,1,1,1,1,1,1,1,1,1,1,1,1
FOODS_3_038_TX_3_validation,0,0,0,0,0,0,0,0,0,0,0,0,0,0,0,0,0,0,0,0,0,0,0,0,0,0,0,0
FOODS_3_039_TX_3_validation,2,1,2,2,2,3,3,4,2,2,2,3,3,3,2,2,2,2,3,3,3,2,2,2,2,2,3,4
FOODS_3_040_TX_3_validation,0,0,0,0,0,0,0,0,0,0,0,0,0,0,0,0,0,0,0,0,0,0,0,0,0,0,0,0
FOODS_3_041_TX_3_validation,2,2,2,2,2,2,3,2,2,2,2,2,3,3,3,4,3,2,3,3,3,3,3,3,3,3,3,3
FOODS_3_042_TX_3_validation,5,5,5,5,5,6,5,4,4,4,5,5,6,5,5,5,4,4,5,6,5,5,5,5,5,5,5,3
FOODS_3_043_TX_3_validation,0,0,0,0,0,0,0,0,0,0,0,0,0,0,0,0,0,0,0,0,0,0,0,0,0,0,0,0
FOODS_3_044_TX_3_validation,1,1,1,1,1,1,1,1,1,1,1,1,1,1,1,1,1,1,1,1,1,1,1,1,1,1,1,1
FOODS_3_045_TX_3_validation,0,0,0,0,0,0,0,0,0,0,0,0,0,1,0,0,0,0,0,0,1,0,0,0,0,0,0,0
FOODS_3_046_TX_3_validation,0,0,0,0,0,0,0,0,0,0,0,0,0,0,0,0,0,0,0,0,0,0,0,0,0,0,0,0
FOODS_3_047_TX_3_validation,4,4,4,4,4,4,4,4,4,4,4,4,4,4,4,4,4,4,4,4,4,4,4,4,4,4,4,4
FOODS_3_048_TX_3_validation,2,2,1,2,1,2,2,1,2,2,2,2,2,2,2,2,2,2,2,2,2,2,2,2,2,2,2,4
FOODS_3_049_TX_3_validation,1,1,1,1,1,1,1,1,1,1,1,1,1,1,1,1,1,1,1,1,1,1,1,1,1,1,1,1
FOODS_3_050_TX_3_validation,1,0,0,0,0,0,0,0,0,0,0,0,0,0,0,0,0,0,0,1,1,0,0,0,0,0,1,0
FOODS_3_051_TX_3_validation,2,1,1,1,1,2,2,2,2,2,1,2,2,2,2,2,2,1,1,1,1,2,1,1,1,1,1,1
FOODS_3_053_TX_3_validation,1,1,1,1,1,1,1,1,1,1,1,1,1,1,1,1,1,1,1,1,1,1,1,1,1,1,1,1
FOODS_3_054_TX_3_validation,0,0,0,0,0,1,0,0,0,0,0,0,1,1,0,0,1,0,1,1,1,0,1,1,1,1,2,0
FOODS_3_055_TX_3_validation,1,1,1,1,1,1,1,1,1,1,1,1,1,1,1,1,1,1,1,1,1,1,1,1,1,1,1,1
FOODS_3_056_TX_3_validation,0,0,0,0,0,0,0,0,0,0,0,0,0,0,0,0,0,0,0,0,0,0,0,0,0,0,0,0
FOODS_3_057_TX_3_validation,0,0,0,0,0,0,0,0,0,0,0,0,0,0,0,0,0,0,0,0,0,0,0,0,0,0,0,0
FOODS_3_058_TX_3_validation,1,1,1,1,1,1,1,1,1,1,2,1,1,1,1,1,1,1,1,1,1,1,1,1,1,1,1,1
FOODS_3_059_TX_3_validation,2,1,1,2,2,2,2,1,2,2,2,2,3,3,3,2,2,2,2,3,3,2,2,2,2,2,2,1
FOODS_3_060_TX_3_validation,2,2,2,2,2,2,2,2,2,2,2,2,2,2,2,2,2,2,2,2,2,2,2,2,2,2,2,2
FOODS_3_061_TX_3_validation,0,0,0,0,0,0,0,0,0,0,0,0,0,0,0,0,0,0,0,0,0,0,0,0,0,0,0,0
FOODS_3_062_TX_3_validation,0,0,0,0,0,0,0,0,0,0,0,0,0,0,0,0,0,0,0,0,0,0,0,0,0,0,0,0
FOODS_3_063_TX_3_validation,1,1,1,1,0,0,1,0,0,0,1,0,0,1,1,0,0,1,0,1,1,1,1,1,1,1,1,0
FOODS_3_064_TX_3_validation,6,5,5,6,5,5,5,8,4,5,8,5,6,7,7,4,6,7,6,7,7,7,7,7,7,7,7,6
FOODS_3_065_TX_3_validation,1,1,1,1,1,1,1,0,1,1,0,1,1,1,1,1,1,1,1,1,1,1,1,1,1,1,1,0
FOODS_3_066_TX_3_validation,3,3,3,3,3,3,3,3,3,3,3,3,3,3,3,3,3,3,3,3,3,3,3,3,3,3,3,2
FOODS_3_067_TX_3_validation,0,0,0,0,0,1,1,1,0,0,1,1,1,1,1,1,1,1,1,1,1,1,1,1,1,1,1,1
FOODS_3_068_TX_3_validation,0,0,0,0,0,0,0,0,0,0,0,0,0,0,0,0,0,0,0,0,0,0,0,0,0,0,0,0
FOODS_3_069_TX_3_validation,0,0,1,1,1,0,0,0,0,1,1,1,0,0,0,0,0,0,0,0,0,0,0,0,0,0,0,0
FOODS_3_070_TX_3_validation,4,5,4,5,4,6,5,5,5,5,3,5,6,5,4,4,4,5,5,6,5,4,4,3,4,5,7,16
FOODS_3_071_TX_3_validation,5,4,4,4,4,4,4,3,4,4,2,4,4,4,4,4,4,4,4,4,4,4,3,3,4,3,4,5
FOODS_3_072_TX_3_validation,1,1,1,1,1,1,1,1,1,2,2,1,1,1,1,2,2,1,1,1,1,1,1,2,1,1,1,2
FOODS_3_073_TX_3_validation,1,1,1,1,1,1,1,0,0,0,2,0,1,0,0,0,0,0,0,0,0,0,0,0,0,0,0,0
FOODS_3_074_TX_3_validation,1,1,1,1,1,1,1,2,1,1,1,1,1,1,1,1,1,1,1,1,1,1,1,1,1,1,1,1
FOODS_3_075_TX_3_validation,0,0,0,0,0,0,0,0,0,0,0,0,0,0,0,0,0,0,0,0,0,0,0,0,0,0,0,0
FOODS_3_076_TX_3_validation,5,5,5,5,6,7,7,6,6,6,3,6,7,8,7,7,7,6,7,8,8,7,7,7,6,7,8,6
FOODS_3_077_TX_3_validation,3,2,2,2,2,2,3,3,2,3,2,3,3,3,3,2,3,2,3,3,3,3,3,2,2,2,2,2
FOODS_3_078_TX_3_validation,0,0,0,0,0,0,0,0,0,0,0,0,0,0,0,0,0,0,0,0,0,0,0,0,0,0,0,0
FOODS_3_079_TX_3_validation,4,3,3,4,4,4,5,2,4,4,4,5,5,6,5,2,5,5,5,5,6,5,5,5,4,4,4,5
FOODS_3_080_TX_3_validation,11,10,10,10,11,12,11,7,9,10,9,13,15,14,12,11,10,10,12,14,13,11,10,11,11,12,14,10
FOODS_3_081_TX_3_validation,0,0,0,0,0,0,0,1,0,0,0,0,0,1,1,1,0,1,0,0,1,0,0,0,1,1,1,1
FOODS_3_082_TX_3_validation,0,0,0,0,0,0,0,0,0,0,1,0,1,1,0,0,0,0,0,1,1,0,0,0,0,0,0,0
FOODS_3_083_TX_3_validation,0,0,0,1,1,1,1,0,0,0,0,1,1,1,1,0,1,1,1,1,1,1,1,1,1,1,1,1
FOODS_3_084_TX_3_validation,1,1,1,1,1,1,1,1,1,1,0,1,1,1,1,1,1,1,1,1,1,1,1,1,1,1,1,1
FOODS_3_085_TX_3_validation,1,1,1,1,1,1,1,1,1,1,1,1,1,1,1,1,1,1,1,1,1,1,1,1,1,1,1,1
FOODS_3_086_TX_3_validation,14,13,14,14,16,19,16,18,13,12,8,14,17,16,15,17,14,14,16,19,17,15,14,14,14,16,18,19
FOODS_3_087_TX_3_validation,4,4,3,3,3,4,4,3,4,3,5,3,4,4,4,4,3,4,3,4,4,4,4,4,4,4,4,4
FOODS_3_088_TX_3_validation,0,0,0,0,0,0,0,0,0,0,0,0,0,0,0,0,0,0,0,0,0,0,0,0,0,0,0,0
FOODS_3_089_TX_3_validation,1,1,1,1,1,1,1,1,1,1,1,1,1,1,1,2,1,1,1,2,2,1,1,1,1,1,2,0
FOODS_3_090_TX_3_validation,26,20,22,26,38,54,38,31,15,19,19,41,62,50,39,31,37,40,51,69,55,44,39,41,43,53,71,90
FOODS_3_091_TX_3_validation,1,1,1,1,1,1,1,1,1,1,1,1,1,1,1,1,1,1,1,1,1,1,1,1,1,1,1,1
FOODS_3_092_TX_3_validation,1,0,1,1,1,1,1,1,0,1,1,1,1,1,1,1,1,1,1,1,1,1,1,1,0,0,1,0
FOODS_3_093_TX_3_validation,3,3,3,4,4,4,4,3,3,3,4,4,5,5,4,5,4,5,5,6,5,5,4,5,5,5,6,4
FOODS_3_094_TX_3_validation,1,1,1,1,1,1,1,1,1,1,0,1,1,1,1,1,1,1,1,1,1,1,1,1,1,1,1,0
FOODS_3_095_TX_3_validation,0,0,0,0,0,0,0,0,0,0,0,0,0,0,0,0,0,0,0,0,0,0,0,0,0,0,0,0
FOODS_3_096_TX_3_validation,1,1,1,1,1,0,1,0,0,1,0,0,0,1,0,1,0,0,0,0,1,0,0,0,0,0,0,0
FOODS_3_097_TX_3_validation,2,1,1,1,1,1,1,2,1,1,1,1,1,2,1,2,1,2,1,2,2,2,2,1,1,1,2,2
FOODS_3_098_TX_3_validation,2,2,2,2,3,3,3,0,1,1,2,2,1,1,0,0,0,0,1,0,0,0,0,0,0,0,0,2
FOODS_3_099_TX_3_validation,6,5,4,4,3,5,6,5,5,4,1,5,7,9,10,8,7,7,6,8,10,10,8,7,7,7,8,5
FOODS_3_100_TX_3_validation,2,1,1,1,1,1,1,2,1,1,0,1,1,1,1,0,1,1,1,1,1,1,1,1,1,1,1,1
FOODS_3_101_TX_3_validation,3,3,3,3,3,3,3,1,2,2,3,3,3,4,3,3,3,3,3,3,4,3,3,3,3,3,3,4
FOODS_3_102_TX_3_validation,1,1,1,1,1,0,1,0,1,1,1,1,1,1,1,1,1,1,1,1,2,1,1,1,1,1,1,3
FOODS_3_103_TX_3_validation,1,1,1,1,1,1,1,0,1,1,0,1,1,1,1,1,1,1,1,1,1,1,1,1,1,1,1,1
FOODS_3_104_TX_3_validation,1,1,1,1,1,1,1,1,1,1,1,1,1,1,1,1,1,1,1,1,1,1,1,1,1,1,1,1
FOODS_3_105_TX_3_validation,0,0,0,0,0,0,0,0,0,0,0,0,0,0,0,0,0,0,0,0,0,0,0,0,0,0,0,0
FOODS_3_106_TX_3_validation,1,1,1,1,1,1,1,1,1,1,2,2,2,2,1,1,1,1,1,1,1,1,1,1,1,1,1,0
FOODS_3_107_TX_3_validation,2,1,1,1,1,2,2,3,1,1,3,2,2,3,2,3,1,2,2,2,3,2,2,2,2,2,2,2
FOODS_3_108_TX_3_validation,1,1,1,1,1,1,2,2,1,1,2,1,1,2,2,1,1,1,1,1,1,1,1,1,1,1,1,1
FOODS_3_109_TX_3_validation,9,8,7,7,8,9,10,12,7,7,7,9,11,13,10,13,9,9,11,13,14,12,11,11,12,14,15,18
FOODS_3_110_TX_3_validation,1,1,1,1,1,1,1,1,1,1,1,1,1,1,1,1,1,1,1,1,1,1,1,1,1,1,1,1
FOODS_3_111_TX_3_validation,1,1,1,1,1,1,1,1,1,1,1,1,1,1,1,1,1,1,1,1,1,1,1,1,1,1,1,1
FOODS_3_112_TX_3_validation,1,1,1,1,1,1,1,1,1,1,1,2,2,2,2,1,2,2,2,2,2,2,2,2,2,2,2,0
FOODS_3_113_TX_3_validation,1,1,1,1,0,1,2,0,0,1,2,1,1,3,1,1,1,1,1,2,3,2,1,1,1,1,2,3
FOODS_3_114_TX_3_validation,1,1,1,1,1,1,1,1,1,1,1,1,1,1,1,1,1,1,1,1,1,1,1,1,1,1,1,1
FOODS_3_115_TX_3_validation,1,2,2,2,1,2,3,3,2,2,1,1,2,3,2,1,2,2,1,2,3,1,1,1,1,1,2,2
FOODS_3_116_TX_3_validation,1,1,1,1,1,1,1,0,1,1,1,2,2,2,2,1,1,2,2,2,2,2,1,1,2,2,2,1
FOODS_3_117_TX_3_validation,10,10,10,10,11,11,11,10,11,11,10,12,12,12,12,13,12,12,12,12,13,12,12,12,12,12,12,12
FOODS_3_118_TX_3_validation,1,1,1,1,1,1,1,0,1,1,0,1,1,1,1,1,1,1,1,1,1,1,1,1,1,1,1,2
FOODS_3_119_TX_3_validation,1,1,1,1,1,1,1,1,1,1,1,1,1,1,1,1,1,1,1,1,1,1,1,1,1,1,1,1
FOODS_3_120_TX_3_validation,27,24,24,24,22,26,28,28,24,25,27,24,28,30,29,23,27,27,25,29,31,31,28,28,27,25,28,24
FOODS_3_121_TX_3_validation,2,2,1,1,1,1,2,1,1,1,1,1,2,2,2,3,2,2,1,2,2,2,2,2,2,2,2,1
FOODS_3_122_TX_3_validation,1,1,1,1,1,1,1,1,1,1,1,1,1,1,1,1,1,1,1,1,1,1,1,1,1,1,1,1
FOODS_3_123_TX_3_validation,0,0,0,0,0,0,0,0,0,0,0,0,0,0,0,0,0,0,0,0,0,0,0,0,0,0,0,0
FOODS_3_124_TX_3_validation,4,3,3,3,4,5,6,5,4,4,2,4,5,7,5,3,4,4,5,6,8,6,6,5,5,6,6,9
FOODS_3_125_TX_3_validation,1,1,1,1,1,1,1,1,1,1,1,1,1,1,1,1,1,1,1,1,1,1,1,1,1,1,1,1
FOODS_3_126_TX_3_validation,1,1,1,1,2,2,2,2,1,1,2,2,3,2,1,0,1,1,2,3,2,1,1,1,1,2,3,1
FOODS_3_127_TX_3_validation,0,0,0,0,0,1,0,1,0,0,1,1,1,1,1,1,1,0,1,1,1,0,1,1,1,1,2,1
FOODS_3_128_TX_3_validation,0,0,0,0,0,0,0,0,0,0,0,0,1,0,0,1,0,0,0,0,0,0,0,0,0,0,1,1
FOODS_3_129_TX_3_validation,1,1,1,1,1,1,1,1,1,1,1,1,1,1,1,1,1,1,1,1,1,1,1,1,1,1,1,1
FOODS_3_130_TX_3_validation,1,1,1,1,1,1,1,1,1,1,1,1,1,1,1,1,1,1,1,1,1,1,1,1,1,1,1,1
FOODS_3_131_TX_3_validation,2,2,2,2,2,2,2,1,2,2,2,2,2,2,2,2,2,2,1,2,2,2,2,1,1,1,1,3
FOODS_3_132_TX_3_validation,1,0,0,1,1,2,1,1,0,0,0,1,2,1,0,3,0,0,1,1,1,0,0,0,0,1,2,5
FOODS_3_133_TX_3_validation,5,4,4,3,3,5,6,4,4,4,5,4,5,6,5,3,4,4,4,6,7,5,4,4,3,4,5,7
FOODS_3_134_TX_3_validation,2,2,2,2,2,2,2,3,1,1,1,1,1,1,1,1,1,1,1,1,1,1,1,1,1,1,1,1
FOODS_3_135_TX_3_validation,7,8,7,8,8,8,7,7,7,6,5,7,8,7,7,7,7,7,8,9,8,8,8,7,8,8,9,4
FOODS_3_136_TX_3_validation,8,8,9,9,10,12,10,10,7,8,11,9,12,10,7,3,7,7,9,11,10,7,7,8,8,9,11,13
FOODS_3_137_TX_3_validation,0,0,0,0,0,0,0,0,0,0,0,0,0,0,0,0,0,0,0,0,0,0,0,0,0,0,0,0
FOODS_3_138_TX_3_validation,2,1,1,1,1,1,1,0,1,1,1,1,1,2,2,1,1,1,1,2,2,2,2,2,2,2,2,1
FOODS_3_139_TX_3_validation,1,1,1,1,1,1,1,0,1,1,0,1,1,1,1,1,1,1,1,1,1,1,1,1,1,1,1,0
FOODS_3_140_TX_3_validation,1,1,1,1,1,1,1,2,1,1,1,1,1,1,1,1,1,1,1,1,1,1,1,1,1,1,1,1
FOODS_3_141_TX_3_validation,1,0,0,0,0,0,0,0,0,0,0,0,0,0,0,1,0,0,0,0,0,0,0,0,0,0,0,1
FOODS_3_142_TX_3_validation,0,0,0,0,0,0,0,0,0,0,0,0,0,0,0,0,0,0,0,0,0,0,0,0,0,0,0,0
FOODS_3_143_TX_3_validation,1,1,1,1,1,1,1,1,1,1,1,1,1,1,1,1,1,1,1,1,1,1,1,1,1,1,1,1
FOODS_3_144_TX_3_validation,2,2,2,1,2,2,2,3,2,2,1,2,2,2,1,1,2,2,2,2,2,2,2,2,2,2,2,5
FOODS_3_145_TX_3_validation,0,0,0,0,0,0,0,0,0,0,0,0,0,0,0,0,0,0,0,0,0,0,0,0,0,0,0,0
FOODS_3_146_TX_3_validation,3,3,3,3,3,3,4,3,3,3,3,3,3,4,4,4,3,4,4,4,4,4,4,4,4,4,4,3
FOODS_3_147_TX_3_validation,0,0,0,0,0,0,0,0,0,0,0,0,0,0,0,0,0,0,0,0,0,0,0,0,0,0,0,0
FOODS_3_148_TX_3_validation,2,2,2,2,2,2,2,1,2,2,2,1,2,2,2,2,2,1,1,1,1,1,1,1,1,1,1,1
FOODS_3_149_TX_3_validation,1,1,1,1,1,1,1,1,1,1,1,1,1,1,1,1,1,1,1,1,1,1,1,1,1,1,1,1
FOODS_3_150_TX_3_validation,13,12,13,13,14,16,14,16,12,12,11,14,16,14,12,15,14,14,16,17,15,13,13,14,14,16,17,19
FOODS_3_151_TX_3_validation,4,4,4,4,4,4,4,2,4,4,4,4,4,4,4,4,4,4,4,5,5,4,5,4,4,4,5,4
FOODS_3_152_TX_3_validation,2,2,2,2,2,2,2,2,2,2,2,2,2,2,2,2,2,2,2,2,2,2,2,2,2,2,2,2
FOODS_3_153_TX_3_validation,1,1,1,1,1,1,1,2,1,1,1,1,1,1,1,1,1,1,1,1,1,1,1,1,1,1,1,1
FOODS_3_154_TX_3_validation,7,7,8,8,10,11,9,10,7,8,7,11,12,11,8,9,9,10,12,13,11,8,7,8,8,10,11,3
FOODS_3_155_TX_3_validation,0,0,1,1,0,0,1,1,0,1,1,1,1,1,1,1,1,1,1,1,1,1,1,1,1,1,1,0
FOODS_3_156_TX_3_validation,1,1,1,1,1,1,1,2,1,1,1,1,1,1,1,2,1,1,1,1,1,1,1,1,1,1,1,2
FOODS_3_157_TX_3_validation,1,1,1,1,1,1,1,1,1,1,1,1,1,1,1,1,1,1,1,1,1,1,1,1,1,1,1,1
FOODS_3_158_TX_3_validation,0,0,0,0,0,0,0,0,0,0,0,0,0,0,0,0,0,0,0,0,0,0,0,0,0,0,0,0
FOODS_3_159_TX_3_validation,1,1,1,1,1,1,1,1,1,1,1,1,1,1,1,1,1,1,1,1,1,1,1,1,1,1,1,1
FOODS_3_160_TX_3_validation,0,0,0,0,0,0,0,0,0,0,0,0,0,0,0,0,0,0,0,0,0,0,0,0,0,0,0,0
FOODS_3_161_TX_3_validation,0,0,0,0,0,0,0,0,0,0,0,0,0,0,0,0,0,0,0,0,0,0,0,0,0,0,0,0
FOODS_3_162_TX_3_validation,0,0,0,0,0,0,0,0,0,0,0,0,0,0,0,0,0,0,0,0,0,0,0,0,0,0,0,0
FOODS_3_163_TX_3_validation,0,0,0,0,0,1,1,1,0,0,1,0,1,1,1,1,1,0,0,1,1,1,1,0,0,0,1,1
FOODS_3_164_TX_3_validation,0,0,0,0,0,0,0,0,0,0,0,0,0,0,0,0,0,0,0,0,0,0,0,0,0,0,0,0
FOODS_3_165_TX_3_validation,0,0,0,0,0,0,0,0,0,0,0,0,0,0,0,0,0,0,0,0,0,0,0,0,0,0,0,0
FOODS_3_166_TX_3_validation,1,1,1,1,1,1,1,1,1,1,1,1,1,1,1,1,1,1,1,1,1,1,1,1,1,1,1,1
FOODS_3_167_TX_3_validation,1,1,2,1,1,2,2,2,2,2,2,2,2,2,2,2,2,2,2,2,2,2,2,2,2,2,2,3
FOODS_3_168_TX_3_validation,1,1,1,1,1,1,1,1,1,1,1,1,1,1,2,1,2,1,1,1,2,2,2,1,1,1,1,1
FOODS_3_169_TX_3_validation,1,1,1,1,1,1,1,1,1,1,1,1,1,2,2,2,2,2,2,2,2,2,2,2,2,2,2,1
FOODS_3_170_TX_3_validation,1,1,1,1,1,1,1,1,1,1,1,1,1,1,1,1,1,1,1,1,1,1,1,1,1,1,1,1
FOODS_3_171_TX_3_validation,0,0,0,0,0,0,0,0,0,0,0,0,0,0,0,0,0,0,0,0,0,0,0,0,0,0,0,0
FOODS_3_172_TX_3_validation,3,3,3,3,3,3,3,3,3,3,3,3,3,3,3,3,3,3,3,3,3,3,3,3,3,3,3,3
FOODS_3_173_TX_3_validation,0,0,0,0,0,0,0,0,0,0,0,0,0,0,0,0,0,0,0,0,0,0,0,0,0,0,0,0
FOODS_3_174_TX_3_validation,1,1,1,1,1,1,1,1,1,1,1,1,1,1,1,1,1,1,1,1,1,1,1,1,1,1,1,1
FOODS_3_175_TX_3_validation,0,0,0,0,0,0,0,0,0,0,0,0,0,0,0,0,0,0,0,0,0,0,0,0,0,0,0,0
FOODS_3_176_TX_3_validation,1,1,1,1,1,1,1,1,1,1,1,1,1,1,1,1,1,1,1,1,1,1,1,1,1,1,1,1
FOODS_3_177_TX_3_validation,0,0,0,0,0,0,0,0,0,0,0,0,0,0,0,0,0,0,0,0,0,0,0,0,0,0,0,0
FOODS_3_178_TX_3_validation,4,3,3,3,3,3,4,4,3,3,2,4,4,5,5,4,4,4,4,4,5,5,4,4,4,4,4,4
FOODS_3_179_TX_3_validation,0,0,0,0,0,0,0,0,0,0,0,0,0,0,0,0,0,0,0,0,0,0,0,0,0,0,0,0
FOODS_3_180_TX_3_validation,0,0,0,0,0,0,0,0,0,0,0,0,0,0,0,0,0,0,0,0,0,0,0,0,0,0,0,0
FOODS_3_181_TX_3_validation,1,1,1,1,1,1,1,1,1,1,0,1,2,2,2,2,2,2,2,2,2,2,2,2,2,2,1,0
FOODS_3_182_TX_3_validation,0,0,0,0,0,1,1,0,0,0,0,0,1,1,1,1,1,1,1,1,1,1,1,1,0,1,1,0
FOODS_3_183_TX_3_validation,2,2,2,2,2,2,2,2,2,2,1,2,2,2,2,2,2,2,2,2,2,2,2,2,2,2,2,1
FOODS_3_184_TX_3_validation,1,0,0,0,1,1,1,0,0,0,1,1,1,1,1,0,0,1,1,1,1,1,0,0,0,1,1,2
FOODS_3_185_TX_3_validation,4,4,3,3,4,5,5,6,5,4,2,5,5,6,5,4,5,4,4,5,5,4,4,3,3,3,4,3
FOODS_3_186_TX_3_validation,0,1,0,0,1,1,1,0,0,0,0,0,1,1,0,1,0,0,0,0,1,0,0,0,0,1,1,1
FOODS_3_187_TX_3_validation,0,0,0,1,1,1,0,0,0,0,0,1,1,1,0,0,0,0,0,1,1,1,0,0,0,0,1,1
FOODS_3_188_TX_3_validation,0,0,0,0,0,0,0,0,0,0,0,0,0,0,0,0,0,0,0,0,0,0,0,0,0,0,0,0
FOODS_3_189_TX_3_validation,0,0,0,0,0,0,0,0,0,0,0,0,0,0,0,0,0,0,0,0,0,0,0,0,0,0,0,0
FOODS_3_190_TX_3_validation,1,1,1,1,1,1,1,0,1,1,1,1,2,2,1,2,1,1,1,1,1,1,1,1,1,1,1,3
FOODS_3_191_TX_3_validation,1,1,1,1,1,2,2,0,1,1,2,2,3,2,2,1,2,2,2,3,2,2,2,2,2,2,2,4
FOODS_3_192_TX_3_validation,1,1,1,1,1,1,1,1,1,1,1,1,1,1,1,1,1,1,1,1,1,1,1,1,1,1,1,1
FOODS_3_193_TX_3_validation,0,0,0,0,0,0,0,0,0,0,0,0,0,0,0,0,0,0,0,0,0,0,0,0,0,0,0,0
FOODS_3_194_TX_3_validation,0,0,0,0,0,1,1,0,0,0,1,0,1,1,0,1,0,0,0,0,1,0,0,0,0,0,1,1
FOODS_3_195_TX_3_validation,0,0,0,0,1,1,1,0,0,0,0,1,2,2,0,0,0,0,1,1,1,0,0,0,0,1,1,3
FOODS_3_196_TX_3_validation,1,1,1,1,1,1,1,1,1,1,1,1,1,1,1,1,1,1,1,1,1,1,1,1,1,1,1,1
FOODS_3_197_TX_3_validation,0,0,0,0,0,0,0,0,0,0,0,0,0,0,0,0,0,0,0,0,0,0,0,0,0,0,0,0
FOODS_3_198_TX_3_validation,0,0,0,0,0,0,0,0,0,0,0,0,0,0,0,0,0,0,0,0,0,0,0,0,0,0,0,0
FOODS_3_199_TX_3_validation,0,0,0,0,0,0,0,0,0,0,0,0,0,0,0,0,0,0,0,0,0,0,0,0,0,0,0,0
FOODS_3_200_TX_3_validation,2,2,2,2,2,2,2,3,2,2,3,2,2,2,2,2,2,2,2,2,3,2,2,2,2,2,2,1
FOODS_3_201_TX_3_validation,1,1,1,1,1,1,1,1,1,1,0,2,2,2,2,2,2,2,2,3,2,2,2,2,2,2,3,0
FOODS_3_202_TX_3_validation,33,31,33,34,35,41,43,37,29,31,35,32,38,42,32,23,31,30,29,35,39,29,27,27,26,27,33,41
FOODS_3_203_TX_3_validation,1,1,1,0,0,0,0,2,0,0,1,0,0,0,1,0,0,0,0,0,1,1,0,0,0,0,0,0
FOODS_3_204_TX_3_validation,0,0,0,0,0,0,0,0,0,0,0,0,0,0,0,0,0,0,0,0,0,0,0,0,0,0,0,0
FOODS_3_205_TX_3_validation,1,1,2,2,2,2,1,2,1,2,2,1,1,1,1,0,1,1,1,1,1,1,1,1,1,1,1,1
FOODS_3_206_TX_3_validation,1,1,1,1,1,1,1,0,1,1,1,1,1,1,1,1,1,1,1,1,1,1,1,0,1,1,1,1
FOODS_3_207_TX_3_validation,1,0,0,0,0,1,1,0,0,0,0,0,1,1,1,1,0,0,0,1,1,1,0,0,1,1,1,0
FOODS_3_208_TX_3_validation,1,1,1,1,1,1,1,1,1,1,1,1,1,1,1,1,1,1,1,1,1,1,1,1,1,1,1,1
FOODS_3_209_TX_3_validation,0,0,0,0,0,0,0,0,0,0,0,0,0,0,0,0,0,0,0,0,0,0,0,0,0,0,0,0
FOODS_3_210_TX_3_validation,0,0,0,0,0,0,0,0,0,0,0,0,0,0,0,0,0,0,0,0,0,0,0,0,0,0,0,0
FOODS_3_211_TX_3_validation,1,1,1,1,1,1,1,1,1,1,1,1,1,1,1,0,1,1,1,1,1,1,1,1,1,1,1,1
FOODS_3_212_TX_3_validation,0,0,0,0,0,0,1,0,0,0,0,0,0,1,0,1,0,0,0,1,1,0,0,0,0,0,1,1
FOODS_3_213_TX_3_validation,1,1,1,1,1,1,2,1,1,2,1,2,2,3,2,2,2,2,2,3,3,2,2,2,2,2,2,4
FOODS_3_214_TX_3_validation,0,0,0,0,0,0,1,1,0,0,0,0,0,1,0,1,0,0,0,0,0,0,0,0,0,0,0,0
FOODS_3_215_TX_3_validation,2,2,1,2,2,2,2,2,2,1,1,2,2,1,1,0,1,1,2,1,1,1,1,1,1,2,1,1
FOODS_3_216_TX_3_validation,0,0,0,0,0,0,0,0,0,0,0,0,0,0,0,0,0,0,0,0,0,0,0,0,0,0,0,0
FOODS_3_217_TX_3_validation,1,0,0,1,1,1,1,0,0,0,0,1,1,1,1,0,0,1,1,1,1,1,1,1,1,1,1,0
FOODS_3_218_TX_3_validation,0,0,0,0,0,0,0,0,0,0,0,0,0,0,0,0,0,0,0,0,0,0,0,0,0,0,0,0
FOODS_3_219_TX_3_validation,0,0,0,1,0,0,1,0,0,0,0,0,1,1,0,0,0,1,0,0,1,0,0,1,1,1,1,0
FOODS_3_220_TX_3_validation,0,0,0,0,0,0,0,0,0,0,0,0,0,0,0,0,0,0,0,0,0,0,0,0,0,0,0,0
FOODS_3_221_TX_3_validation,0,0,0,0,0,0,0,0,0,0,0,0,0,0,0,0,0,0,0,0,0,0,0,0,0,0,0,0
FOODS_3_222_TX_3_validation,1,1,1,1,1,1,1,1,1,1,1,1,1,1,1,1,1,1,1,1,1,1,1,1,1,1,1,1
FOODS_3_223_TX_3_validation,0,0,0,0,0,0,0,0,0,0,0,0,0,0,0,0,0,0,0,0,0,0,0,0,0,0,0,0
FOODS_3_224_TX_3_validation,2,2,2,2,2,2,2,1,1,1,1,1,2,2,1,0,1,1,1,1,1,1,1,1,1,1,1,0
FOODS_3_225_TX_3_validation,0,0,0,0,0,1,1,1,1,0,1,0,1,1,1,2,1,1,1,1,1,1,1,1,1,1,1,2
FOODS_3_226_TX_3_validation,13,13,13,13,15,15,15,11,13,13,13,15,16,16,14,16,14,15,16,17,16,14,15,15,15,16,17,15
FOODS_3_227_TX_3_validation,5,4,5,5,6,7,7,7,5,6,6,7,9,9,7,7,8,9,9,11,11,9,8,9,9,10,11,8
FOODS_3_228_TX_3_validation,7,7,7,7,7,9,8,7,6,6,8,8,10,9,7,6,7,7,8,9,9,6,6,7,7,8,10,8
FOODS_3_229_TX_3_validation,1,1,1,1,1,1,1,1,1,1,1,1,1,1,1,1,1,1,1,1,1,1,1,1,1,1,1,1
FOODS_3_230_TX_3_validation,1,2,2,2,2,3,2,3,1,2,1,3,4,3,1,2,2,2,2,3,3,1,2,2,2,2,3,3
FOODS_3_231_TX_3_validation,4,3,3,3,3,4,6,5,4,4,3,3,4,7,5,2,4,4,5,5,8,6,5,5,5,5,5,8
FOODS_3_232_TX_3_validation,1,1,1,1,1,1,1,0,1,1,0,1,1,2,1,1,1,1,1,1,1,1,1,1,1,1,1,1
FOODS_3_233_TX_3_validation,2,2,1,2,2,2,3,3,2,2,1,2,2,3,2,1,2,2,2,2,3,2,2,2,2,2,1,1
FOODS_3_234_TX_3_validation,6,5,4,4,5,5,6,4,4,4,1,7,8,10,10,3,9,10,12,12,13,12,10,9,10,12,12,0
FOODS_3_235_TX_3_validation,0,0,0,0,0,0,0,0,0,0,0,0,0,0,0,0,0,0,0,0,0,0,0,0,0,0,0,0
FOODS_3_236_TX_3_validation,0,0,0,0,0,0,1,0,1,0,0,0,1,1,1,0,1,0,0,1,1,0,1,1,1,1,1,0
FOODS_3_237_TX_3_validation,3,3,3,5,5,6,7,13,6,6,11,7,8,8,7,8,6,7,6,6,6,5,4,3,4,2,2,4
FOODS_3_238_TX_3_validation,1,1,1,1,1,2,2,1,1,1,0,1,2,2,1,0,1,0,1,1,1,0,0,0,0,1,1,2
FOODS_3_239_TX_3_validation,1,1,0,1,1,1,1,1,0,0,0,1,1,1,0,0,0,1,1,1,1,1,1,1,1,1,1,0
FOODS_3_240_TX_3_validation,1,1,1,1,1,1,1,1,1,1,1,1,1,1,1,1,1,1,1,1,1,1,1,1,1,1,1,1
FOODS_3_241_TX_3_validation,0,1,1,1,1,1,1,0,1,1,0,1,1,1,1,1,1,1,1,1,1,1,1,1,1,1,1,1
FOODS_3_242_TX_3_validation,1,1,1,1,1,1,1,0,1,0,1,0,1,1,1,0,0,0,0,1,1,0,0,0,1,1,1,1
FOODS_3_243_TX_3_validation,2,2,2,2,2,2,2,2,2,2,2,2,2,2,2,2,2,2,2,2,2,2,2,2,2,2,2,2
FOODS_3_244_TX_3_validation,0,0,0,0,0,0,0,0,0,0,0,0,0,0,0,0,0,0,0,0,0,0,0,0,0,0,0,0
FOODS_3_245_TX_3_validation,4,3,3,2,3,4,6,4,3,3,5,4,5,6,4,2,2,2,3,4,5,3,2,2,2,2,3,1
FOODS_3_246_TX_3_validation,1,1,1,1,1,1,1,1,1,1,1,1,1,1,1,1,1,1,1,1,1,1,1,1,1,1,1,1
FOODS_3_247_TX_3_validation,0,0,0,0,0,0,0,0,0,0,0,0,0,0,0,0,0,0,0,0,0,0,0,0,0,0,0,0
FOODS_3_248_TX_3_validation,1,1,1,1,1,1,1,0,1,1,0,1,1,1,1,1,1,1,1,1,1,1,1,1,1,1,1,1
FOODS_3_249_TX_3_validation,2,2,2,1,1,1,2,1,2,2,1,2,2,2,2,1,2,2,2,2,2,2,2,2,2,2,2,2
FOODS_3_250_TX_3_validation,2,2,2,2,2,2,2,1,2,2,1,2,2,2,2,1,2,2,2,2,2,2,2,2,2,2,2,1
FOODS_3_251_TX_3_validation,0,0,0,0,0,0,0,0,0,0,0,0,0,0,0,0,0,0,0,0,0,0,0,0,0,0,0,0
FOODS_3_252_TX_3_validation,42,39,41,44,52,63,59,45,39,42,47,55,68,65,48,48,46,48,55,68,64,47,44,46,49,57,69,67
FOODS_3_253_TX_3_validation,1,1,1,1,1,1,1,1,1,1,1,1,1,1,1,1,1,1,1,1,1,1,1,1,1,1,1,1
FOODS_3_254_TX_3_validation,1,1,1,1,1,1,1,1,1,1,1,1,1,1,1,1,1,1,1,1,1,1,1,1,1,1,1,1
FOODS_3_255_TX_3_validation,1,1,1,1,1,1,1,1,1,1,1,1,1,1,1,1,1,1,1,1,1,1,1,1,1,1,1,1
FOODS_3_256_TX_3_validation,0,0,0,0,0,0,0,0,0,0,0,0,0,0,0,0,0,0,0,0,0,0,0,0,0,0,0,0
FOODS_3_257_TX_3_validation,1,1,1,1,1,1,1,1,1,1,1,1,1,1,1,1,1,1,1,1,1,1,1,1,1,1,1,2
FOODS_3_258_TX_3_validation,3,3,3,3,3,3,3,2,2,2,2,3,3,3,3,1,2,2,2,3,3,3,3,3,3,3,3,3
FOODS_3_259_TX_3_validation,3,3,3,3,3,3,3,5,3,2,2,3,3,3,3,3,3,3,3,3,3,3,3,3,3,3,3,1
FOODS_3_260_TX_3_validation,0,0,0,0,0,0,0,0,0,0,0,0,0,0,0,0,0,0,0,0,0,0,0,0,0,0,0,0
FOODS_3_261_TX_3_validation,1,1,1,1,1,1,1,0,0,1,0,1,1,1,1,0,1,1,1,1,1,0,0,0,1,1,1,2
FOODS_3_262_TX_3_validation,0,0,0,0,0,0,0,0,0,0,0,0,0,0,0,0,0,0,0,0,0,0,0,0,0,0,0,0
FOODS_3_263_TX_3_validation,6,6,6,7,7,8,8,7,6,6,8,7,7,7,6,6,6,7,7,7,7,7,7,7,7,7,7,8
FOODS_3_264_TX_3_validation,0,0,0,0,0,0,0,0,0,0,0,0,0,0,0,0,0,0,0,0,0,0,0,0,0,0,0,0
FOODS_3_265_TX_3_validation,1,1,1,1,1,1,1,1,1,1,0,1,1,2,2,1,1,1,1,1,2,2,1,1,1,1,2,1
FOODS_3_266_TX_3_validation,0,0,0,0,0,0,0,0,0,0,0,0,0,0,0,0,0,0,0,0,0,0,0,0,0,0,0,0
FOODS_3_267_TX_3_validation,2,2,1,1,1,1,1,1,1,1,1,2,2,2,2,1,2,1,2,2,2,2,2,2,2,2,2,1
FOODS_3_268_TX_3_validation,0,0,0,0,0,0,0,0,0,0,0,0,0,0,0,0,0,0,0,0,0,0,0,0,0,0,0,0
FOODS_3_269_TX_3_validation,0,0,0,0,0,0,0,0,0,0,0,0,1,0,1,0,0,1,0,1,1,1,1,1,1,0,1,1
FOODS_3_270_TX_3_validation,0,0,0,0,0,0,0,0,0,0,0,0,0,0,0,0,0,0,0,0,0,0,0,0,0,0,0,0
FOODS_3_271_TX_3_validation,1,0,0,0,1,1,1,1,1,1,2,1,1,1,1,0,1,1,1,1,1,1,0,0,0,1,1,2
FOODS_3_272_TX_3_validation,0,0,0,0,0,0,0,0,0,0,0,0,0,0,0,0,0,0,0,0,0,0,0,0,0,0,0,0
FOODS_3_273_TX_3_validation,1,0,0,0,0,0,0,0,0,0,0,0,1,1,1,1,1,1,0,1,1,1,1,1,1,1,1,1
FOODS_3_274_TX_3_validation,0,0,0,0,0,0,0,0,0,0,0,1,1,0,0,0,0,0,0,0,0,0,0,0,1,1,0,0
FOODS_3_275_TX_3_validation,1,1,1,1,1,1,1,1,1,1,1,1,1,1,1,1,1,1,1,1,1,1,1,1,1,1,1,1
FOODS_3_276_TX_3_validation,1,1,1,1,1,1,2,1,1,1,1,1,2,2,1,0,1,1,1,1,2,1,0,0,1,1,1,0
FOODS_3_277_TX_3_validation,3,2,2,2,2,2,2,2,2,2,2,2,2,2,2,2,2,2,2,2,2,2,2,2,2,2,2,2
FOODS_3_278_TX_3_validation,2,2,2,2,2,2,2,2,2,2,2,2,2,2,2,2,2,2,2,2,2,2,2,2,2,2,2,2
FOODS_3_279_TX_3_validation,0,0,0,0,0,0,0,0,0,0,0,0,0,0,0,0,0,0,0,0,0,0,0,0,0,0,0,0
FOODS_3_280_TX_3_validation,0,0,0,0,0,0,0,0,0,0,0,0,0,0,0,0,0,0,0,0,0,0,0,0,0,0,0,0
FOODS_3_281_TX_3_validation,3,3,3,3,4,5,3,4,1,1,2,4,5,4,2,4,1,2,4,6,5,4,4,4,4,6,8,7
FOODS_3_282_TX_3_validation,12,11,11,11,11,11,12,10,11,11,14,11,11,13,12,11,12,12,12,12,14,13,13,12,12,12,12,11
FOODS_3_283_TX_3_validation,1,1,1,1,1,1,1,1,0,0,0,1,1,1,1,0,1,1,1,1,1,1,0,0,0,0,1,0
FOODS_3_284_TX_3_validation,0,0,0,0,0,0,0,0,0,0,0,0,0,0,0,0,0,0,0,0,0,0,0,0,0,0,0,0
FOODS_3_285_TX_3_validation,0,1,1,1,1,0,1,1,0,0,0,1,1,1,0,1,1,0,1,1,1,1,1,1,1,1,1,0
FOODS_3_286_TX_3_validation,1,1,1,1,1,1,1,1,1,1,1,1,1,1,1,0,1,1,1,1,1,1,1,1,1,1,1,2
FOODS_3_287_TX_3_validation,0,0,0,0,0,0,0,0,0,0,0,0,0,0,0,0,0,0,0,0,0,0,0,0,0,0,0,0
FOODS_3_288_TX_3_validation,6,6,6,6,6,7,8,6,6,6,8,6,7,7,5,4,4,4,4,5,5,4,3,3,3,3,4,0
FOODS_3_289_TX_3_validation,0,0,0,0,0,0,0,0,0,0,0,0,0,0,0,0,0,0,0,0,0,0,0,0,0,0,0,0
FOODS_3_290_TX_3_validation,2,3,2,2,3,3,2,1,3,2,1,2,3,3,3,6,3,3,3,3,3,3,3,2,2,2,3,1
FOODS_3_291_TX_3_validation,2,2,2,2,2,2,2,3,2,2,2,2,2,2,3,3,3,3,2,3,3,3,2,2,2,2,3,2
FOODS_3_292_TX_3_validation,3,3,3,3,3,3,3,2,2,2,3,3,3,3,3,3,3,3,3,3,3,3,3,3,3,3,3,3
FOODS_3_293_TX_3_validation,0,0,0,0,0,0,0,0,0,0,0,0,0,0,0,0,0,0,0,0,0,0,0,0,0,0,0,0
FOODS_3_294_TX_3_validation,0,0,0,0,0,0,1,0,1,0,0,0,0,0,1,0,0,0,0,0,1,0,0,0,0,0,0,0
FOODS_3_295_TX_3_validation,8,5,5,6,7,8,10,7,6,6,8,6,8,10,9,5,6,6,6,8,10,9,6,6,6,7,9,13
FOODS_3_296_TX_3_validation,1,1,1,1,1,1,1,1,1,1,1,1,1,1,1,1,1,1,1,1,1,1,1,1,1,1,1,1
FOODS_3_297_TX_3_validation,1,1,1,1,1,1,1,1,1,1,1,1,1,1,1,1,1,1,1,1,1,1,1,1,1,1,1,1
FOODS_3_298_TX_3_validation,0,0,0,0,0,0,0,0,0,0,0,0,0,0,0,0,0,0,0,0,0,0,0,0,0,0,0,0
FOODS_3_299_TX_3_validation,2,2,1,1,2,2,2,2,2,1,3,2,2,2,2,1,2,2,2,2,2,2,2,1,1,2,2,1
FOODS_3_300_TX_3_validation,2,1,2,1,2,3,3,2,2,2,3,3,4,4,4,5,3,3,3,4,4,3,3,3,3,3,4,6
FOODS_3_301_TX_3_validation,1,1,1,1,1,1,1,1,1,1,1,1,1,1,1,1,1,1,1,1,1,1,1,1,1,1,1,1
FOODS_3_302_TX_3_validation,3,3,2,2,2,3,3,3,3,3,4,2,3,3,3,3,3,3,3,3,3,3,3,2,2,2,2,3
FOODS_3_303_TX_3_validation,1,0,0,0,0,0,0,1,0,0,0,0,0,0,0,0,0,0,0,0,0,0,0,0,0,0,0,1
FOODS_3_304_TX_3_validation,1,1,1,1,1,1,2,1,1,1,1,1,2,2,1,2,1,1,1,2,2,2,1,1,1,1,2,1
FOODS_3_305_TX_3_validation,0,0,0,0,0,0,0,2,0,0,0,0,0,0,1,0,0,0,0,0,0,0,0,0,0,0,0,0
FOODS_3_306_TX_3_validation,2,2,2,2,2,2,2,2,2,2,2,2,2,2,2,2,2,2,2,2,2,2,2,2,2,2,2,1
FOODS_3_307_TX_3_validation,2,2,2,1,2,2,2,2,2,2,2,2,2,3,2,2,2,2,2,3,3,2,2,2,2,2,2,2
FOODS_3_308_TX_3_validation,1,1,1,1,1,1,1,2,1,1,2,1,1,1,1,1,1,1,1,2,2,1,2,2,2,2,2,1
FOODS_3_309_TX_3_validation,0,0,0,0,0,0,0,0,0,0,0,0,0,0,0,0,0,0,0,0,0,0,0,0,0,0,0,0
FOODS_3_310_TX_3_validation,1,1,1,1,1,1,1,2,1,1,1,1,1,1,1,0,1,1,0,1,1,1,0,0,0,0,0,1
FOODS_3_311_TX_3_validation,1,1,0,0,0,0,1,1,1,1,0,1,1,1,1,2,1,1,1,1,1,1,1,1,1,1,1,0
FOODS_3_312_TX_3_validation,0,0,0,0,0,0,0,0,0,0,0,0,0,0,0,0,0,0,0,0,0,0,0,0,0,0,0,0
FOODS_3_313_TX_3_validation,9,9,8,8,8,9,11,11,11,11,15,12,12,13,13,13,14,15,16,17,19,19,19,20,20,21,22,23
FOODS_3_314_TX_3_validation,0,0,0,0,0,0,0,0,0,0,0,0,0,0,0,0,0,0,0,0,0,0,0,0,0,0,0,0
FOODS_3_315_TX_3_validation,0,0,0,0,0,0,0,0,0,0,0,0,0,0,0,0,0,0,0,0,0,0,0,0,0,0,0,0
FOODS_3_316_TX_3_validation,0,0,0,0,0,0,0,0,0,0,0,0,0,0,0,0,0,0,0,0,0,0,0,0,0,0,0,0
FOODS_3_317_TX_3_validation,1,1,1,1,1,1,1,1,1,1,1,1,1,1,1,1,1,1,1,1,1,1,1,1,1,1,1,1
FOODS_3_318_TX_3_validation,5,5,5,5,5,8,6,7,5,5,5,6,9,7,5,4,6,5,6,8,7,6,7,7,6,6,8,6
FOODS_3_319_TX_3_validation,7,8,7,8,8,10,14,7,11,10,2,11,13,18,15,10,16,17,17,19,23,20,19,18,19,19,20,20
FOODS_3_320_TX_3_validation,0,0,0,0,0,0,0,0,0,0,0,0,0,0,0,0,0,0,0,0,0,0,0,0,0,0,0,0
FOODS_3_321_TX_3_validation,6,6,6,6,6,6,6,7,5,6,8,6,6,6,6,6,6,6,6,6,6,5,5,6,5,6,6,5
FOODS_3_322_TX_3_validation,1,1,0,0,0,1,1,1,1,1,0,1,1,1,1,0,1,1,0,1,1,1,1,0,0,0,0,1
FOODS_3_323_TX_3_validation,0,0,0,0,0,0,0,0,0,0,0,0,0,0,0,0,0,0,0,0,0,0,0,0,0,0,0,0
FOODS_3_324_TX_3_validation,2,2,2,2,2,2,3,3,2,2,1,2,2,3,2,1,2,2,2,3,3,2,2,2,2,2,3,4
FOODS_3_325_TX_3_validation,0,0,0,0,0,0,0,0,0,0,0,0,0,0,0,0,0,0,0,0,0,0,0,0,0,0,0,0
FOODS_3_326_TX_3_validation,0,0,0,0,0,0,0,0,1,0,1,0,0,0,0,0,0,0,0,0,0,0,0,0,0,0,0,0
FOODS_3_327_TX_3_validation,2,2,2,2,2,2,2,1,1,1,0,1,2,2,2,2,1,1,1,2,2,2,2,2,2,2,3,3
FOODS_3_328_TX_3_validation,0,0,0,0,0,0,0,0,0,0,0,0,0,0,0,0,0,0,0,0,0,0,0,0,0,0,0,0
FOODS_3_329_TX_3_validation,8,7,6,6,7,7,8,7,7,7,9,6,7,8,8,9,7,7,7,8,9,9,9,9,8,9,9,10
FOODS_3_330_TX_3_validation,1,1,1,1,1,1,2,2,2,1,2,1,2,2,2,2,2,2,2,2,2,2,2,2,2,2,2,2
FOODS_3_331_TX_3_validation,2,2,1,1,1,2,2,3,2,2,1,2,2,2,2,1,2,2,2,2,2,2,2,2,2,2,2,1
FOODS_3_332_TX_3_validation,2,1,1,1,1,2,2,1,1,1,1,1,2,2,2,3,2,2,2,2,2,2,2,2,2,2,2,1
FOODS_3_333_TX_3_validation,7,7,7,8,8,8,8,10,9,9,9,9,9,9,9,9,8,8,8,8,8,9,8,8,7,7,7,4
FOODS_3_334_TX_3_validation,1,0,0,0,1,1,1,0,0,1,1,1,1,1,1,0,1,1,1,1,1,1,1,1,1,1,1,0
FOODS_3_335_TX_3_validation,0,0,0,0,0,0,0,0,0,0,1,0,0,1,0,0,0,0,1,1,1,0,1,0,0,0,0,0
FOODS_3_336_TX_3_validation,1,1,1,1,1,1,1,1,1,1,1,1,1,1,1,1,1,1,1,1,1,1,1,1,1,1,1,1
FOODS_3_337_TX_3_validation,0,0,0,0,0,0,0,0,0,0,0,0,0,0,0,0,0,0,0,0,0,0,0,0,0,0,0,0
FOODS_3_338_TX_3_validation,0,0,0,0,0,0,0,0,0,0,0,0,0,0,0,0,0,0,0,0,0,0,0,0,0,0,0,0
FOODS_3_339_TX_3_validation,1,1,1,1,1,1,2,2,1,1,0,1,1,2,2,1,1,1,1,2,3,2,2,2,1,1,2,2
FOODS_3_340_TX_3_validation,1,1,1,1,1,1,1,1,1,1,1,1,1,1,1,1,1,1,1,1,1,1,1,1,1,1,1,1
FOODS_3_341_TX_3_validation,0,0,0,0,0,0,0,0,0,0,0,0,0,0,0,0,0,0,0,0,0,0,0,0,0,0,0,0
FOODS_3_342_TX_3_validation,3,3,3,3,4,4,3,3,2,3,3,3,4,3,3,0,3,2,3,4,3,3,3,4,4,4,5,3
FOODS_3_343_TX_3_validation,0,0,0,0,0,0,0,0,0,0,0,0,0,0,0,0,0,0,0,0,0,0,0,0,0,0,0,0
FOODS_3_344_TX_3_validation,2,2,2,2,2,2,2,2,2,2,2,2,2,2,2,2,2,2,2,2,2,2,2,2,2,2,2,2
FOODS_3_345_TX_3_validation,0,0,0,0,0,0,0,0,0,0,0,0,0,0,0,0,0,0,0,0,0,0,0,0,0,0,0,0
FOODS_3_346_TX_3_validation,3,2,2,2,1,3,4,2,3,3,1,2,4,5,4,5,4,3,3,5,5,4,4,4,4,3,4,4
FOODS_3_347_TX_3_validation,3,3,2,2,3,3,3,2,3,2,3,3,4,3,3,2,3,3,4,4,4,3,3,3,3,4,4,4
FOODS_3_348_TX_3_validation,5,3,4,3,3,4,7,8,4,4,3,4,5,8,6,3,5,4,5,5,8,7,5,5,5,5,6,12
FOODS_3_349_TX_3_validation,5,5,5,5,5,5,6,4,5,5,7,6,6,7,5,9,5,5,6,7,7,6,6,6,6,7,8,4
FOODS_3_350_TX_3_validation,0,0,0,0,0,0,0,0,0,0,0,0,0,0,0,0,0,0,0,0,0,0,0,0,0,0,0,0
FOODS_3_351_TX_3_validation,2,2,2,2,2,2,3,1,2,2,2,2,2,3,2,1,2,2,2,2,2,2,2,2,2,2,2,1
FOODS_3_352_TX_3_validation,0,0,0,0,0,0,0,0,0,0,0,0,0,0,0,0,0,0,0,0,0,0,0,0,0,0,0,0
FOODS_3_353_TX_3_validation,1,1,1,1,1,1,1,1,1,1,1,1,1,1,1,1,1,1,1,1,1,1,1,1,1,1,1,1
FOODS_3_354_TX_3_validation,0,0,0,0,0,0,0,0,0,0,0,0,0,0,0,0,0,0,0,0,0,0,0,0,0,0,0,0
FOODS_3_355_TX_3_validation,1,1,1,1,1,1,1,1,1,1,1,1,1,2,1,0,1,1,1,1,2,1,1,1,2,2,2,0
FOODS_3_356_TX_3_validation,1,1,1,1,1,1,1,1,1,1,1,1,1,1,1,1,1,1,1,1,1,1,1,1,1,1,1,1
FOODS_3_357_TX_3_validation,0,0,0,0,0,0,0,0,0,0,0,0,0,0,0,0,0,0,0,0,0,0,0,0,0,0,0,0
FOODS_3_358_TX_3_validation,0,0,0,0,0,0,0,0,0,0,0,0,0,0,0,0,0,0,0,0,0,0,0,0,0,0,0,0
FOODS_3_359_TX_3_validation,0,0,0,0,0,0,0,0,0,0,0,0,0,0,0,0,0,0,0,0,0,0,0,0,0,0,0,0
FOODS_3_360_TX_3_validation,1,1,1,1,0,0,1,1,1,1,1,1,1,1,1,2,1,1,1,1,2,1,1,1,1,1,1,1
FOODS_3_361_TX_3_validation,1,1,1,1,1,1,1,1,1,1,0,1,2,2,1,1,2,1,1,2,2,1,1,1,1,1,1,2
FOODS_3_362_TX_3_validation,1,0,1,0,0,1,3,2,0,0,0,0,1,4,2,0,1,0,0,0,3,1,0,1,0,0,0,0
FOODS_3_363_TX_3_validation,1,1,1,1,3,4,1,0,0,0,1,3,4,1,0,0,0,1,3,4,1,1,1,1,1,4,5,1
FOODS_3_364_TX_3_validation,0,0,0,0,0,0,0,0,0,0,0,0,0,0,0,0,0,0,0,0,0,0,0,0,0,0,0,0
FOODS_3_365_TX_3_validation,0,0,0,0,0,0,0,0,0,0,0,0,0,0,0,0,0,0,0,0,0,0,0,0,0,0,0,0
FOODS_3_366_TX_3_validation,0,0,0,0,0,0,0,0,0,0,0,0,0,0,0,0,0,0,0,0,0,0,0,0,0,0,0,0
FOODS_3_367_TX_3_validation,1,1,1,1,1,1,1,0,1,1,1,1,1,1,1,2,1,1,1,1,1,1,1,1,1,1,1,1
FOODS_3_368_TX_3_validation,3,2,3,3,3,3,4,6,3,3,6,4,4,5,5,5,4,4,4,5,6,5,4,4,4,4,4,4
FOODS_3_369_TX_3_validation,1,1,1,1,1,1,1,2,1,1,1,1,1,1,1,1,1,1,1,1,1,1,1,1,1,1,1,2
FOODS_3_370_TX_3_validation,11,11,11,10,10,10,10,13,9,9,9,9,10,10,10,9,9,9,9,9,10,10,10,10,9,9,9,9
FOODS_3_371_TX_3_validation,1,1,1,1,1,1,1,1,1,1,1,1,1,1,1,1,1,1,1,1,1,1,1,1,1,1,1,1
FOODS_3_372_TX_3_validation,6,5,5,5,6,6,6,6,5,5,6,6,6,6,5,5,5,5,5,6,6,6,5,5,5,5,6,8
FOODS_3_373_TX_3_validation,1,1,1,1,1,1,1,1,1,1,1,1,1,1,1,1,1,1,1,1,1,1,1,1,1,1,1,1
FOODS_3_374_TX_3_validation,0,0,0,0,0,0,0,0,0,0,0,0,0,0,0,0,0,0,0,0,0,0,0,0,0,0,0,0
FOODS_3_375_TX_3_validation,0,0,0,0,0,0,0,0,0,0,0,0,0,0,0,0,0,0,0,0,0,0,0,0,0,0,0,0
FOODS_3_376_TX_3_validation,13,11,10,10,12,14,15,16,11,10,7,13,16,18,16,21,15,15,17,18,20,17,17,17,18,20,22,18
FOODS_3_377_TX_3_validation,40,39,40,41,44,48,44,36,36,39,42,47,52,48,41,35,40,42,47,53,49,41,38,40,42,47,53,52
FOODS_3_378_TX_3_validation,1,1,1,1,1,1,1,1,1,1,1,1,1,1,1,1,1,1,1,1,1,1,1,1,1,1,1,1
FOODS_3_379_TX_3_validation,0,0,0,0,0,0,0,0,0,0,0,0,0,0,0,0,0,0,0,0,0,0,0,0,0,0,0,0
FOODS_3_380_TX_3_validation,0,0,0,0,0,0,0,0,0,0,0,0,0,0,0,0,0,0,0,0,0,0,0,0,0,0,0,0
FOODS_3_381_TX_3_validation,2,2,2,2,2,2,2,1,2,2,2,2,2,2,2,2,2,2,2,2,2,1,1,1,1,1,2,1
FOODS_3_382_TX_3_validation,2,2,2,2,2,2,2,2,2,2,2,2,2,2,2,2,2,2,2,2,2,2,2,2,2,2,2,2
FOODS_3_383_TX_3_validation,0,0,0,1,1,2,1,0,0,0,0,1,2,2,1,0,0,0,1,1,1,1,0,0,1,1,1,2
FOODS_3_384_TX_3_validation,1,1,1,1,1,1,1,1,1,1,1,1,1,1,1,1,1,1,1,1,1,1,1,1,1,1,1,1
FOODS_3_385_TX_3_validation,1,0,0,0,0,1,1,1,0,0,0,1,1,1,1,1,1,1,1,1,1,1,1,1,1,1,1,1
FOODS_3_386_TX_3_validation,0,0,0,0,0,0,0,0,0,0,0,0,0,0,0,0,0,0,0,0,0,0,0,0,0,0,0,0
FOODS_3_387_TX_3_validation,1,1,1,1,1,1,1,1,1,1,0,1,1,1,1,1,1,1,1,1,1,1,1,1,1,1,1,0
FOODS_3_388_TX_3_validation,1,1,1,1,1,1,1,1,1,1,1,1,1,1,1,1,1,1,1,1,2,1,1,1,1,1,1,2
FOODS_3_389_TX_3_validation,12,12,11,12,12,13,13,12,12,12,13,13,14,14,12,11,12,12,13,13,13,12,12,12,12,13,13,12
FOODS_3_390_TX_3_validation,1,1,1,1,1,1,1,2,1,1,2,1,1,1,1,1,2,1,2,2,2,2,2,2,2,2,2,2
FOODS_3_391_TX_3_validation,0,0,0,0,0,0,0,0,0,0,0,0,0,0,0,0,0,0,0,0,0,0,0,0,0,0,0,0
FOODS_3_392_TX_3_validation,1,1,1,1,1,1,1,0,1,1,0,1,1,1,1,1,1,1,1,1,1,1,1,1,1,1,1,0
FOODS_3_393_TX_3_validation,4,4,3,4,3,4,4,2,4,4,3,4,4,5,5,4,4,5,4,4,5,5,5,4,4,4,4,2
FOODS_3_394_TX_3_validation,0,0,0,0,0,0,0,0,0,0,0,0,0,0,0,0,0,0,0,0,0,0,0,0,0,0,0,0
FOODS_3_395_TX_3_validation,0,0,0,0,0,0,1,0,1,0,1,0,1,1,1,1,1,1,1,1,1,1,1,1,1,1,1,0
FOODS_3_396_TX_3_validation,0,0,0,0,0,0,0,0,0,0,0,0,0,0,0,0,0,0,0,0,0,0,0,0,0,0,0,0
FOODS_3_397_TX_3_validation,0,0,0,0,0,0,0,0,0,0,0,0,0,0,0,0,0,0,0,0,0,0,0,0,0,0,0,0
FOODS_3_398_TX_3_validation,1,1,1,1,1,1,1,1,1,1,1,1,1,1,1,1,1,1,1,1,1,1,1,1,1,1,1,1
FOODS_3_399_TX_3_validation,7,6,6,5,5,5,6,8,5,5,4,5,5,6,5,4,5,5,5,5,6,5,5,5,5,5,5,5
FOODS_3_400_TX_3_validation,0,0,0,0,1,1,1,0,0,0,0,1,1,1,0,0,1,1,1,1,1,1,1,1,1,1,1,0
FOODS_3_401_TX_3_validation,0,0,0,0,0,0,0,0,0,0,0,0,0,0,0,0,0,0,0,0,0,0,0,0,0,0,0,0
FOODS_3_402_TX_3_validation,0,0,0,0,0,0,0,0,0,0,0,0,0,0,0,0,0,0,0,0,0,0,0,0,0,0,0,0
FOODS_3_403_TX_3_validation,3,2,2,2,3,3,3,2,2,2,3,3,3,3,2,1,2,2,2,2,2,2,2,2,2,2,2,1
FOODS_3_404_TX_3_validation,9,9,8,9,9,11,13,11,11,11,12,12,13,16,14,11,14,15,15,15,17,15,15,15,15,14,15,10
FOODS_3_405_TX_3_validation,1,1,1,1,1,1,1,1,1,1,1,1,1,1,1,1,1,1,1,1,1,1,1,1,1,1,1,1
FOODS_3_406_TX_3_validation,4,2,3,2,2,4,7,5,3,3,2,2,5,8,5,0,4,3,3,5,8,6,4,5,4,4,6,6
FOODS_3_407_TX_3_validation,1,1,1,1,1,1,2,1,1,1,1,1,1,3,2,2,2,1,1,2,3,2,2,2,1,1,2,1
FOODS_3_408_TX_3_validation,0,0,0,0,0,0,0,0,0,0,0,0,0,0,0,0,0,0,0,0,0,0,0,0,0,0,0,0
FOODS_3_409_TX_3_validation,1,1,1,1,1,1,1,1,1,1,1,1,1,1,1,1,1,1,1,1,1,1,1,1,1,1,1,1
FOODS_3_410_TX_3_validation,0,0,0,0,0,0,0,0,0,0,0,0,0,0,0,0,0,0,0,0,0,0,0,0,0,0,0,0
FOODS_3_411_TX_3_validation,0,0,0,0,0,0,0,0,0,0,0,0,0,1,0,0,0,0,0,0,1,0,0,0,0,0,1,1
FOODS_3_412_TX_3_validation,6,7,5,6,6,7,8,5,7,5,1,7,7,8,6,10,6,6,6,6,7,5,7,6,7,5,5,0
FOODS_3_413_TX_3_validation,3,2,2,3,2,2,4,4,3,3,2,3,3,4,4,2,3,3,3,2,3,2,2,2,2,2,2,2
FOODS_3_414_TX_3_validation,1,1,1,1,1,1,1,1,1,1,1,1,1,1,1,1,1,1,1,1,1,1,1,1,1,1,1,1
FOODS_3_415_TX_3_validation,0,0,0,0,0,0,1,1,0,0,1,0,1,1,0,0,0,0,0,1,1,0,0,0,0,0,0,1
FOODS_3_416_TX_3_validation,1,1,1,1,1,1,1,1,1,1,1,1,1,1,1,1,1,1,1,1,1,1,1,1,1,1,1,1
FOODS_3_417_TX_3_validation,1,1,1,1,1,1,1,1,1,1,1,1,1,1,1,1,1,1,1,1,1,1,1,1,1,1,1,1
FOODS_3_418_TX_3_validation,2,1,1,1,1,1,1,1,1,1,2,1,1,2,2,2,1,1,1,1,2,2,2,2,1,1,1,1
FOODS_3_419_TX_3_validation,2,2,2,2,2,2,2,2,2,2,2,2,2,2,2,2,2,2,2,2,2,2,2,2,2,2,2,2
FOODS_3_420_TX_3_validation,1,1,0,0,1,1,1,1,1,1,1,1,1,1,1,0,1,1,1,1,2,2,2,2,2,2,2,2
FOODS_3_421_TX_3_validation,0,0,0,0,0,0,0,0,0,0,0,0,0,0,0,0,0,0,0,0,0,0,0,0,0,0,0,0
FOODS_3_422_TX_3_validation,2,2,2,2,2,2,2,2,2,2,3,2,2,2,2,1,2,2,2,3,3,2,2,2,2,2,2,3
FOODS_3_423_TX_3_validation,2,2,2,2,2,2,3,2,2,2,2,2,2,3,3,2,2,2,2,2,3,3,2,2,2,2,3,3
FOODS_3_424_TX_3_validation,1,1,1,1,1,1,1,1,1,1,1,1,1,2,2,1,1,1,1,1,2,1,1,1,1,1,1,2
FOODS_3_425_TX_3_validation,0,0,0,0,0,0,0,0,0,0,0,0,0,0,0,0,0,0,0,0,0,0,0,0,0,0,0,0
FOODS_3_426_TX_3_validation,1,1,1,1,1,1,1,1,1,1,1,1,1,1,1,1,1,1,1,1,1,1,1,1,1,1,1,1
FOODS_3_427_TX_3_validation,0,0,0,0,0,0,0,0,0,0,0,0,0,0,0,0,0,0,0,0,0,0,0,0,0,0,0,0
FOODS_3_428_TX_3_validation,1,1,1,1,1,1,1,1,1,1,1,1,1,1,1,1,1,1,1,1,1,1,1,1,1,1,1,1
FOODS_3_429_TX_3_validation,1,1,1,1,1,1,1,1,1,1,1,1,1,1,1,1,1,1,1,1,1,1,1,1,1,1,1,1
FOODS_3_430_TX_3_validation,0,0,0,0,0,0,0,0,0,0,0,0,0,0,0,0,0,0,0,0,0,0,0,0,0,0,0,0
FOODS_3_431_TX_3_validation,1,1,1,1,1,1,1,1,1,1,1,1,1,1,1,0,1,1,1,1,1,1,1,1,1,1,1,1
FOODS_3_432_TX_3_validation,4,4,4,4,4,5,4,4,3,3,3,3,3,3,1,0,1,0,1,2,2,1,1,0,0,1,2,4
FOODS_3_433_TX_3_validation,2,1,1,1,1,1,1,1,1,1,1,1,1,1,1,1,1,1,1,1,1,1,1,1,1,1,1,0
FOODS_3_434_TX_3_validation,1,1,1,1,1,1,1,1,1,1,1,1,1,1,1,1,1,1,1,1,1,1,1,1,1,1,1,2
FOODS_3_435_TX_3_validation,1,1,1,1,1,2,1,0,1,1,0,1,2,1,1,2,2,2,2,2,2,1,1,1,2,2,2,0
FOODS_3_436_TX_3_validation,0,0,0,0,0,0,0,0,0,0,0,0,0,0,0,0,0,0,0,0,0,0,0,0,0,0,0,0
FOODS_3_437_TX_3_validation,2,2,2,2,2,2,2,2,2,2,2,2,3,3,3,2,2,2,2,2,2,2,2,2,2,2,2,1
FOODS_3_438_TX_3_validation,2,2,2,2,2,2,2,1,2,2,2,2,2,2,2,3,2,2,2,2,2,2,2,2,2,2,2,2
FOODS_3_439_TX_3_validation,2,2,1,1,1,2,2,1,2,2,2,2,2,2,2,2,2,2,2,2,2,2,2,2,2,2,2,2
FOODS_3_440_TX_3_validation,0,0,0,0,0,0,0,0,0,0,0,0,0,0,0,0,0,0,0,0,0,0,0,0,0,0,0,0
FOODS_3_441_TX_3_validation,0,0,0,0,0,0,0,0,0,0,0,0,0,0,0,0,0,0,0,0,0,0,0,0,0,0,0,0
FOODS_3_442_TX_3_validation,1,1,1,1,1,1,1,1,1,1,1,1,1,1,1,1,1,1,1,1,1,1,1,1,1,1,1,1
FOODS_3_443_TX_3_validation,0,0,0,0,0,0,0,0,0,0,0,0,0,0,0,0,0,0,0,0,0,0,0,0,0,0,0,0
FOODS_3_444_TX_3_validation,9,7,6,6,4,4,4,5,0,0,2,0,1,2,1,0,1,1,0,1,3,2,2,2,2,2,3,10
FOODS_3_445_TX_3_validation,0,0,0,0,0,0,0,0,0,0,0,0,0,0,0,0,0,0,0,0,0,0,0,0,0,0,0,0
FOODS_3_446_TX_3_validation,1,1,0,0,0,1,1,0,0,0,1,1,1,2,1,1,0,0,0,1,1,1,1,1,1,1,1,4
FOODS_3_447_TX_3_validation,1,1,1,1,1,1,1,1,1,1,1,1,1,1,1,1,1,1,1,1,1,1,1,1,1,1,1,1
FOODS_3_448_TX_3_validation,1,1,1,1,1,1,1,1,1,1,2,1,1,1,1,1,1,1,1,1,1,1,1,1,1,1,1,1
FOODS_3_449_TX_3_validation,3,3,2,1,1,2,3,3,2,2,1,2,4,4,4,3,3,3,3,4,5,4,4,3,3,3,4,4
FOODS_3_450_TX_3_validation,1,1,1,1,1,1,1,1,1,1,1,1,1,1,1,0,1,1,1,1,1,1,1,1,1,1,1,1
FOODS_3_451_TX_3_validation,4,4,4,4,4,3,3,2,3,3,3,3,3,3,3,3,3,3,3,3,3,3,3,3,3,3,3,4
FOODS_3_452_TX_3_validation,0,0,0,0,0,0,0,0,0,0,0,0,0,0,0,0,0,0,0,0,0,0,0,0,0,0,0,0
FOODS_3_453_TX_3_validation,0,0,0,0,0,0,0,0,0,0,0,0,0,0,0,0,0,0,0,0,0,0,0,0,0,0,0,0
FOODS_3_454_TX_3_validation,3,3,3,3,3,3,4,0,3,4,2,4,4,5,5,1,4,4,4,5,6,5,4,4,3,3,3,1
FOODS_3_455_TX_3_validation,13,12,11,10,11,12,14,11,10,10,13,11,13,14,12,9,10,9,10,11,12,10,10,9,9,10,11,9
FOODS_3_456_TX_3_validation,0,0,0,0,0,0,0,0,0,0,0,0,0,0,0,0,0,0,0,0,0,0,0,0,0,0,0,0
FOODS_3_457_TX_3_validation,0,0,0,0,0,0,0,0,0,0,0,0,0,0,0,0,0,0,0,0,0,0,0,0,0,0,0,0
FOODS_3_458_TX_3_validation,9,9,10,10,12,14,13,10,8,9,12,11,13,12,9,8,8,8,10,12,11,8,6,7,8,10,12,11
FOODS_3_459_TX_3_validation,5,4,5,4,4,5,5,6,4,4,2,5,5,6,5,3,4,4,5,5,5,4,3,4,4,4,4,4
FOODS_3_460_TX_3_validation,1,1,1,1,1,1,2,1,1,1,1,1,1,2,2,2,2,2,2,2,2,2,2,2,2,2,2,2
FOODS_3_461_TX_3_validation,3,3,2,2,2,3,4,3,3,2,4,2,3,4,3,4,2,2,2,3,3,3,2,2,3,3,3,4
FOODS_3_462_TX_3_validation,8,7,6,5,7,8,7,8,5,6,2,8,10,10,9,8,9,9,11,13,13,12,13,13,14,16,18,23
FOODS_3_463_TX_3_validation,1,0,0,0,0,0,1,0,0,0,0,0,1,1,1,0,0,0,0,0,0,0,0,0,0,0,0,0
FOODS_3_464_TX_3_validation,1,0,0,0,0,1,1,0,0,0,1,0,1,1,0,1,0,0,1,1,1,0,0,0,0,1,1,0
FOODS_3_465_TX_3_validation,0,0,0,0,0,0,0,0,0,0,0,0,0,0,0,0,0,0,0,0,0,0,0,0,0,0,0,0
FOODS_3_466_TX_3_validation,0,0,0,0,0,0,0,0,0,0,0,0,0,0,0,0,0,0,0,0,0,0,0,0,0,0,0,0
FOODS_3_467_TX_3_validation,1,1,1,1,1,1,1,1,1,1,1,1,1,1,1,1,1,1,1,1,1,1,1,1,1,1,1,1
FOODS_3_468_TX_3_validation,1,1,1,1,1,1,2,0,1,1,1,1,2,2,2,1,1,1,1,1,2,1,1,1,1,1,1,1
FOODS_3_469_TX_3_validation,2,2,2,2,2,2,3,3,1,2,3,2,3,3,2,2,2,1,2,2,3,2,2,2,2,2,3,1
FOODS_3_470_TX_3_validation,0,0,0,0,0,0,0,0,0,0,1,0,0,1,0,0,0,0,0,0,1,0,0,0,0,0,0,1
FOODS_3_471_TX_3_validation,0,0,0,0,0,0,0,0,0,0,0,0,0,0,0,0,0,0,0,0,0,0,0,0,0,0,0,0
FOODS_3_472_TX_3_validation,0,0,0,0,0,0,0,0,0,0,0,0,0,0,0,0,0,0,0,0,0,0,0,0,0,0,0,0
FOODS_3_473_TX_3_validation,5,4,4,4,5,5,6,4,4,4,5,5,6,7,5,4,5,5,5,6,7,5,5,5,5,6,6,6
FOODS_3_474_TX_3_validation,2,0,0,0,1,2,2,1,0,0,0,0,2,3,2,1,1,1,2,4,5,4,3,3,3,4,5,8
FOODS_3_475_TX_3_validation,1,1,1,1,1,2,2,4,2,1,2,2,3,3,3,2,3,3,3,3,3,3,3,2,2,2,3,1
FOODS_3_476_TX_3_validation,6,5,5,5,5,6,7,8,6,6,4,6,7,8,8,5,7,7,7,8,9,8,7,7,6,6,7,12
FOODS_3_477_TX_3_validation,5,5,5,6,6,7,6,5,6,6,9,7,9,8,7,6,7,8,7,9,8,7,7,6,7,7,9,10
FOODS_3_478_TX_3_validation,1,1,1,1,1,1,1,1,1,1,1,1,1,1,1,1,1,1,1,1,1,1,1,1,1,1,1,1
FOODS_3_479_TX_3_validation,2,2,2,2,2,2,2,1,2,2,3,2,2,2,2,2,2,2,2,2,2,2,2,2,2,2,2,4
FOODS_3_480_TX_3_validation,1,0,1,0,0,1,1,1,1,1,1,1,1,1,1,0,1,1,1,1,1,1,1,1,1,1,1,0
FOODS_3_481_TX_3_validation,0,0,0,0,0,0,0,0,0,0,0,0,0,0,0,0,0,0,0,0,0,0,0,0,0,0,0,0
FOODS_3_482_TX_3_validation,1,1,1,1,1,1,1,1,1,1,1,1,1,1,1,1,1,1,1,1,1,1,1,1,1,1,1,1
FOODS_3_483_TX_3_validation,1,1,1,1,1,1,1,0,1,1,1,1,1,1,0,1,0,0,1,1,1,0,0,0,0,0,1,0
FOODS_3_484_TX_3_validation,0,0,0,0,0,0,0,0,0,0,0,0,0,0,0,0,0,0,0,0,0,0,0,0,0,0,0,0
FOODS_3_485_TX_3_validation,1,1,1,0,0,0,1,1,0,0,0,1,0,1,0,0,0,0,1,1,1,0,0,1,1,1,1,1
FOODS_3_486_TX_3_validation,0,0,0,0,0,0,0,0,0,0,0,0,0,0,0,0,0,0,0,0,0,0,0,0,0,0,0,0
FOODS_3_487_TX_3_validation,3,2,3,3,2,3,3,3,3,3,3,3,3,3,3,3,3,3,2,3,3,3,2,3,3,3,3,1
FOODS_3_488_TX_3_validation,1,1,1,1,1,1,1,1,0,0,1,1,1,1,1,1,1,0,1,1,1,1,1,1,1,1,1,1
FOODS_3_489_TX_3_validation,2,2,2,2,2,2,2,3,3,3,3,2,2,3,3,2,2,2,2,2,2,2,2,2,2,2,2,3
FOODS_3_490_TX_3_validation,1,1,1,1,1,1,1,1,1,1,1,1,1,1,1,1,1,1,1,1,1,1,1,1,1,1,1,1
FOODS_3_491_TX_3_validation,0,1,1,2,2,3,2,0,1,1,1,3,4,3,3,2,4,5,4,6,4,3,4,4,4,4,6,6
FOODS_3_492_TX_3_validation,1,1,1,1,1,1,1,1,1,1,1,1,1,1,1,1,1,1,1,1,1,1,1,1,1,1,1,1
FOODS_3_493_TX_3_validation,0,0,0,0,0,0,0,0,0,0,0,0,0,0,0,0,0,0,0,0,0,0,0,0,0,0,0,0
FOODS_3_494_TX_3_validation,0,0,0,0,0,0,0,0,0,0,0,0,0,0,0,0,0,0,0,0,0,0,0,0,0,0,0,0
FOODS_3_495_TX_3_validation,2,2,2,2,2,2,3,3,2,3,2,3,3,3,3,4,3,3,3,3,4,3,3,4,3,3,3,3
FOODS_3_496_TX_3_validation,2,2,2,2,2,2,2,2,2,2,2,2,2,2,2,1,2,2,2,2,2,2,2,2,2,2,2,2
FOODS_3_497_TX_3_validation,0,0,0,0,0,0,0,1,0,0,0,0,0,1,0,1,0,0,0,0,0,0,0,0,0,0,0,0
FOODS_3_498_TX_3_validation,5,4,3,4,4,4,5,2,4,4,11,5,5,6,5,10,5,5,5,4,6,5,4,4,4,4,3,4
FOODS_3_499_TX_3_validation,13,12,11,11,11,12,14,12,12,12,12,13,14,16,15,12,14,14,14,15,17,16,15,15,15,14,15,10
FOODS_3_500_TX_3_validation,0,0,0,0,0,0,0,0,0,0,0,0,0,0,0,0,0,0,0,0,0,0,0,0,0,0,0,0
FOODS_3_501_TX_3_validation,5,2,3,1,2,4,7,5,3,4,3,2,4,7,6,5,5,3,3,5,8,7,4,5,4,4,6,7
FOODS_3_502_TX_3_validation,1,1,1,1,1,1,1,1,1,1,1,1,1,1,1,0,1,1,1,1,2,1,1,1,1,1,1,2
FOODS_3_503_TX_3_validation,5,4,4,4,4,6,7,6,5,4,4,4,6,7,6,4,5,5,5,6,7,5,5,5,5,5,6,4
FOODS_3_504_TX_3_validation,0,0,0,0,0,0,0,0,0,0,0,0,1,1,0,0,0,1,1,1,1,0,0,0,0,1,1,0
FOODS_3_505_TX_3_validation,2,2,2,1,1,1,1,2,1,1,1,1,2,2,2,2,1,1,1,2,2,2,2,2,2,2,2,1
FOODS_3_506_TX_3_validation,0,0,0,0,0,0,0,0,0,0,0,0,0,0,0,0,0,0,0,0,0,0,0,0,0,0,0,0
FOODS_3_507_TX_3_validation,0,0,0,0,0,0,0,0,0,0,0,0,0,0,0,0,0,0,0,0,0,0,0,0,0,0,0,0
FOODS_3_508_TX_3_validation,1,1,1,1,1,2,2,1,1,1,0,2,2,2,2,2,2,2,2,3,3,2,2,2,2,2,2,3
FOODS_3_509_TX_3_validation,0,0,0,0,0,0,0,0,0,0,0,0,0,0,0,0,0,0,0,0,0,0,0,0,0,0,0,0
FOODS_3_510_TX_3_validation,1,1,1,1,1,1,1,1,1,1,1,1,1,1,1,1,1,1,1,1,1,1,1,1,1,1,1,1
FOODS_3_511_TX_3_validation,4,3,4,4,4,5,7,9,5,5,7,5,6,8,7,9,6,6,5,6,7,5,5,5,6,5,6,4
FOODS_3_512_TX_3_validation,0,0,0,0,0,0,0,0,0,0,0,0,0,0,0,0,0,0,0,0,0,0,0,0,0,0,0,0
FOODS_3_513_TX_3_validation,1,0,0,0,0,0,0,1,0,0,0,0,0,1,1,0,0,0,0,0,0,1,0,0,0,0,0,0
FOODS_3_514_TX_3_validation,1,1,1,1,1,1,1,1,1,1,2,1,1,1,1,1,1,1,1,1,1,1,1,1,1,1,1,0
FOODS_3_515_TX_3_validation,1,1,0,0,1,1,1,0,0,1,1,1,1,1,1,1,1,1,1,1,1,1,1,1,1,1,1,0
FOODS_3_516_TX_3_validation,7,7,7,7,8,10,9,7,6,7,7,8,10,9,7,10,8,7,8,10,10,7,7,8,7,8,10,8
FOODS_3_517_TX_3_validation,0,0,0,0,0,0,0,0,0,0,0,0,0,0,0,0,0,0,0,0,0,0,0,0,0,0,0,0
FOODS_3_518_TX_3_validation,0,0,0,0,0,0,0,0,0,0,0,0,0,0,0,0,0,0,0,0,0,0,0,0,0,0,0,0
FOODS_3_519_TX_3_validation,1,2,1,2,1,2,2,1,2,2,2,2,2,2,2,1,2,2,2,2,2,2,2,1,1,1,2,1
FOODS_3_520_TX_3_validation,1,1,1,1,1,1,1,2,1,1,0,1,2,1,1,1,2,2,2,2,1,1,1,1,1,1,2,3
FOODS_3_521_TX_3_validation,0,0,0,0,0,0,0,0,0,0,0,0,0,0,0,0,0,0,0,0,0,0,0,0,0,0,0,0
FOODS_3_522_TX_3_validation,0,0,0,0,0,0,0,0,0,0,0,0,0,0,0,0,0,0,0,0,0,0,0,0,0,0,0,0
FOODS_3_523_TX_3_validation,3,2,2,2,2,2,3,2,2,2,1,2,2,2,2,2,2,2,2,2,3,3,2,2,2,2,2,2
FOODS_3_524_TX_3_validation,5,4,5,4,5,6,10,9,6,6,7,6,8,11,8,5,7,7,7,8,12,8,7,8,7,8,8,14
FOODS_3_525_TX_3_validation,2,2,2,2,2,2,2,1,2,2,1,2,2,2,2,2,2,2,2,2,2,2,2,2,2,2,2,3
FOODS_3_526_TX_3_validation,4,3,3,3,3,4,5,6,4,4,4,4,5,6,6,3,6,5,5,6,6,6,6,6,5,5,6,3
FOODS_3_527_TX_3_validation,0,0,0,0,0,0,0,0,0,0,0,0,0,0,0,0,0,0,0,0,0,0,0,0,0,0,0,0
FOODS_3_528_TX_3_validation,1,1,1,1,1,1,1,1,1,1,1,1,1,1,1,1,1,1,1,1,1,1,1,1,1,1,1,1
FOODS_3_529_TX_3_validation,1,1,1,1,1,1,1,1,1,1,1,1,1,1,1,1,1,1,1,1,1,1,1,1,1,1,1,1
FOODS_3_530_TX_3_validation,7,8,8,8,8,8,7,6,7,7,8,8,8,7,7,6,7,7,7,8,8,7,7,7,7,8,8,8
FOODS_3_531_TX_3_validation,1,1,1,1,1,1,1,1,1,1,1,1,1,1,1,1,1,1,1,1,1,1,1,1,1,1,1,1
FOODS_3_532_TX_3_validation,2,2,2,2,2,2,2,2,2,2,1,2,2,2,2,1,2,2,2,2,2,2,2,2,2,2,2,1
FOODS_3_533_TX_3_validation,1,1,1,1,1,2,2,1,1,1,1,1,2,2,2,2,1,2,2,2,2,2,2,1,2,1,2,1
FOODS_3_534_TX_3_validation,0,0,0,0,1,2,1,0,0,0,1,1,2,1,0,0,1,0,1,2,1,0,0,1,0,1,2,3
FOODS_3_535_TX_3_validation,0,0,0,0,0,0,0,0,0,0,0,0,0,0,0,0,0,0,1,1,1,1,0,1,0,1,1,1
FOODS_3_536_TX_3_validation,1,1,1,1,1,1,1,1,1,1,1,1,1,1,1,1,1,1,1,1,1,1,1,1,1,1,1,1
FOODS_3_537_TX_3_validation,1,1,1,1,1,1,2,1,1,1,1,1,1,2,1,2,1,1,1,1,1,1,1,1,1,1,1,2
FOODS_3_538_TX_3_validation,1,1,1,1,1,1,1,1,1,1,1,1,1,1,1,1,1,1,1,1,1,1,1,1,1,1,1,1
FOODS_3_539_TX_3_validation,0,0,0,0,0,0,0,0,0,0,0,0,0,0,0,0,0,0,0,0,0,0,0,0,0,0,0,0
FOODS_3_540_TX_3_validation,5,4,4,5,5,6,6,7,5,5,6,5,6,6,5,5,5,5,5,6,6,5,5,5,5,6,7,7
FOODS_3_541_TX_3_validation,11,10,9,8,9,10,20,12,13,12,1,12,14,23,17,8,15,14,16,19,27,20,18,16,16,17,19,46
FOODS_3_542_TX_3_validation,0,0,0,0,0,0,0,0,0,0,0,0,0,0,0,0,0,0,0,0,0,0,0,0,0,0,0,0
FOODS_3_543_TX_3_validation,0,0,0,0,0,0,0,0,0,0,0,0,0,0,0,0,0,0,0,0,0,0,0,0,0,0,0,0
FOODS_3_544_TX_3_validation,1,1,1,1,1,1,1,1,1,1,1,1,1,1,1,1,1,1,1,1,1,1,1,1,1,1,1,1
FOODS_3_545_TX_3_validation,1,1,1,1,1,1,1,1,1,1,1,1,1,1,1,1,1,1,1,1,1,1,1,1,1,1,1,1
FOODS_3_546_TX_3_validation,5,5,5,5,5,6,7,5,5,5,5,5,6,7,7,4,5,5,5,7,7,6,5,4,4,4,5,8
FOODS_3_547_TX_3_validation,5,5,2,3,4,7,9,10,7,5,0,6,8,10,9,10,10,10,8,9,11,10,13,12,11,9,9,12
FOODS_3_548_TX_3_validation,0,0,0,0,0,0,0,0,0,0,0,0,0,0,0,0,0,0,0,0,0,0,0,0,0,0,0,0
FOODS_3_549_TX_3_validation,0,0,0,0,0,0,0,0,0,0,0,0,0,0,0,0,0,0,0,0,0,0,0,0,0,0,0,0
FOODS_3_550_TX_3_validation,0,0,0,0,0,0,0,0,0,0,0,0,0,0,0,0,0,0,0,0,0,0,0,0,0,0,0,0
FOODS_3_551_TX_3_validation,1,1,2,1,1,1,1,2,1,1,2,2,1,2,2,2,2,2,2,2,2,2,2,2,2,2,2,2
FOODS_3_552_TX_3_validation,1,1,1,1,1,1,1,1,1,1,1,1,1,1,1,1,1,1,1,1,1,1,1,1,1,1,1,1
FOODS_3_553_TX_3_validation,0,0,0,0,0,0,0,0,0,0,0,0,0,0,0,0,0,0,0,0,0,0,0,0,0,0,0,0
FOODS_3_554_TX_3_validation,0,0,0,0,0,0,0,0,0,0,0,0,0,0,0,0,0,0,0,0,0,0,0,0,0,0,0,0
FOODS_3_555_TX_3_validation,27,27,28,30,36,44,42,34,26,27,27,36,45,44,31,29,29,31,36,44,42,29,28,29,32,37,44,35
FOODS_3_556_TX_3_validation,0,0,0,0,0,0,0,0,0,0,0,0,0,0,0,0,0,0,0,0,0,0,0,0,0,0,0,0
FOODS_3_557_TX_3_validation,3,3,3,3,4,4,4,3,3,3,3,4,4,4,3,3,3,3,3,3,4,3,3,3,3,3,3,5
FOODS_3_558_TX_3_validation,0,0,0,0,0,0,0,0,0,0,0,0,0,0,0,0,0,0,0,0,0,0,0,0,0,0,0,0
FOODS_3_559_TX_3_validation,1,0,0,0,0,0,1,0,0,0,0,0,1,1,1,0,1,1,1,1,1,1,1,1,1,1,1,0
FOODS_3_560_TX_3_validation,1,1,1,1,1,1,1,1,1,1,1,1,1,1,2,2,1,1,1,2,2,2,1,1,1,1,2,1
FOODS_3_561_TX_3_validation,3,3,3,3,3,3,3,3,3,3,3,3,3,3,3,4,3,3,3,3,3,3,3,3,3,3,3,3
FOODS_3_562_TX_3_validation,2,2,2,2,3,2,3,3,2,2,2,3,3,3,3,2,3,3,3,3,4,3,3,3,3,3,3,3
FOODS_3_563_TX_3_validation,0,0,0,0,0,0,0,0,0,0,0,0,0,0,0,0,0,0,0,0,0,0,0,0,0,0,0,0
FOODS_3_564_TX_3_validation,0,0,0,0,0,0,0,0,0,0,0,0,0,1,0,0,0,0,0,0,0,0,0,0,0,0,1,0
FOODS_3_565_TX_3_validation,2,2,2,2,2,2,2,4,2,2,2,2,2,2,2,2,2,2,2,2,2,2,2,2,2,2,2,2
FOODS_3_566_TX_3_validation,1,1,1,1,1,2,2,1,2,2,2,2,2,2,2,1,2,2,1,2,2,1,1,2,2,2,2,0
FOODS_3_567_TX_3_validation,0,0,0,0,0,0,0,0,0,0,0,0,0,0,0,0,0,0,0,0,0,0,0,0,0,0,0,0
FOODS_3_568_TX_3_validation,1,1,1,1,1,2,2,1,1,1,1,1,1,2,1,1,1,1,1,2,2,1,1,1,2,1,2,1
FOODS_3_569_TX_3_validation,1,1,1,1,1,1,1,1,1,1,1,1,1,1,1,1,1,1,1,1,1,1,1,1,1,1,1,1
FOODS_3_570_TX_3_validation,5,5,5,5,5,5,6,6,5,5,6,5,5,6,5,6,5,4,4,5,6,5,6,6,5,5,5,5
FOODS_3_571_TX_3_validation,1,1,1,1,1,1,1,1,1,1,1,1,1,1,1,1,1,1,1,1,1,1,1,1,1,1,1,1
FOODS_3_572_TX_3_validation,6,6,6,6,7,7,7,6,6,6,6,6,7,7,6,7,6,6,6,7,7,7,7,7,7,7,7,5
FOODS_3_573_TX_3_validation,1,1,1,1,1,1,1,1,1,1,1,1,1,2,1,0,1,1,1,1,2,1,1,1,1,1,1,0
FOODS_3_574_TX_3_validation,11,9,9,9,9,10,12,8,9,9,6,10,11,13,12,9,10,10,11,12,13,12,11,10,10,10,11,9
FOODS_3_575_TX_3_validation,1,1,1,1,1,1,1,1,1,1,1,1,1,1,1,1,1,1,1,1,1,1,1,1,1,1,1,1
FOODS_3_576_TX_3_validation,0,0,0,0,0,0,0,0,0,0,0,0,0,0,0,0,0,0,0,0,0,0,0,0,0,0,0,0
FOODS_3_577_TX_3_validation,0,0,0,0,0,0,0,1,0,0,0,0,0,0,0,0,0,0,0,0,0,0,0,0,0,0,0,0
FOODS_3_578_TX_3_validation,3,3,3,3,3,3,3,2,3,3,3,3,3,4,3,4,3,3,4,4,4,3,4,3,3,3,3,2
FOODS_3_579_TX_3_validation,0,0,0,0,0,0,0,0,0,0,0,0,0,0,0,0,0,0,0,0,0,0,0,0,0,0,0,0
FOODS_3_580_TX_3_validation,3,2,2,2,1,2,3,8,1,0,0,0,1,3,3,10,0,0,0,1,3,2,0,0,0,0,0,0
FOODS_3_581_TX_3_validation,0,0,0,0,0,0,0,0,0,0,0,0,0,0,0,0,0,0,0,0,0,0,0,0,0,0,0,0
FOODS_3_582_TX_3_validation,1,1,1,1,1,1,1,2,1,1,1,1,1,1,1,0,1,1,1,1,1,1,1,1,1,1,1,1
FOODS_3_583_TX_3_validation,1,1,1,1,1,1,1,1,1,1,1,1,1,1,1,1,1,1,1,1,1,1,1,1,1,1,1,1
FOODS_3_584_TX_3_validation,1,2,2,2,2,2,2,1,2,2,1,2,2,2,2,3,2,1,1,2,1,1,1,1,1,1,2,1
FOODS_3_585_TX_3_validation,2,2,2,1,2,2,1,1,1,1,2,2,2,1,2,2,1,1,2,2,2,2,1,2,2,2,2,1
FOODS_3_586_TX_3_validation,63,61,63,65,73,86,81,61,54,58,75,77,93,91,67,66,62,64,74,89,87,65,61,63,67,77,92,96
FOODS_3_587_TX_3_validation,31,29,27,26,26,30,35,37,30,29,29,30,35,40,36,33,32,30,31,34,39,35,32,31,29,29,32,34
FOODS_3_588_TX_3_validation,1,1,1,1,1,1,1,1,1,1,1,1,1,1,1,0,1,1,1,1,1,1,1,1,1,1,1,0
FOODS_3_589_TX_3_validation,1,2,1,2,2,2,2,1,2,2,1,2,2,2,1,2,2,2,2,2,1,1,1,1,2,2,2,1
FOODS_3_590_TX_3_validation,3,3,2,3,2,3,3,1,2,2,1,2,3,3,3,2,3,3,2,3,3,3,3,3,3,3,3,4
FOODS_3_591_TX_3_validation,0,0,0,0,0,0,1,0,0,0,0,0,0,1,0,1,0,0,0,0,0,0,0,0,0,0,0,1
FOODS_3_592_TX_3_validation,1,0,0,0,0,0,0,0,0,0,1,0,0,0,0,0,0,0,0,0,0,0,0,0,0,0,0,0
FOODS_3_593_TX_3_validation,1,1,1,1,1,1,1,1,1,1,1,1,1,1,1,1,1,1,1,1,1,1,1,1,1,1,1,1
FOODS_3_594_TX_3_validation,1,1,1,1,2,3,4,2,3,3,4,3,4,6,5,5,4,4,5,6,7,6,6,5,5,5,5,9
FOODS_3_595_TX_3_validation,1,1,1,1,1,1,1,1,1,1,1,1,1,1,1,1,1,1,1,1,1,1,1,1,1,1,1,1
FOODS_3_596_TX_3_validation,2,1,1,1,1,2,2,3,1,1,2,1,2,2,2,1,1,1,1,2,2,2,2,2,1,1,2,2
FOODS_3_597_TX_3_validation,0,0,0,0,0,0,0,0,0,0,0,0,0,0,0,0,0,0,0,0,0,0,0,0,0,0,0,0
FOODS_3_598_TX_3_validation,3,3,3,3,2,3,3,1,2,2,3,2,3,3,3,3,3,3,3,3,3,3,3,2,2,2,2,3
FOODS_3_599_TX_3_validation,0,0,0,0,0,0,0,0,0,0,0,0,0,0,0,0,0,0,0,0,0,0,0,0,0,0,0,0
FOODS_3_600_TX_3_validation,0,0,0,0,0,0,0,0,0,0,0,0,0,0,0,0,0,0,0,0,0,0,0,0,0,0,0,0
FOODS_3_601_TX_3_validation,0,0,0,0,0,0,0,0,0,0,0,0,0,0,0,0,0,0,0,0,0,0,0,0,0,0,0,0
FOODS_3_602_TX_3_validation,2,2,2,2,2,2,2,2,2,2,2,2,2,2,2,2,2,2,2,2,2,2,2,2,2,2,2,2
FOODS_3_603_TX_3_validation,1,1,1,1,1,1,1,1,1,1,1,1,1,1,1,1,1,1,1,1,1,1,1,1,1,1,1,1
FOODS_3_604_TX_3_validation,1,1,1,1,1,1,1,1,1,1,1,1,1,1,1,1,1,1,1,1,1,1,1,1,1,1,1,1
FOODS_3_605_TX_3_validation,1,1,1,1,1,1,1,1,1,1,1,1,1,1,1,1,1,1,1,1,1,1,1,1,1,1,2,1
FOODS_3_606_TX_3_validation,1,1,1,1,1,1,1,1,1,1,1,1,1,1,1,1,1,1,1,1,1,1,1,1,1,1,1,1
FOODS_3_607_TX_3_validation,10,7,6,7,8,10,15,13,7,6,5,7,9,12,8,6,3,5,5,6,10,7,4,4,5,5,5,4
FOODS_3_608_TX_3_validation,1,1,1,1,1,1,1,1,1,1,1,1,1,1,1,1,1,1,1,1,1,1,1,1,1,1,1,1
FOODS_3_609_TX_3_validation,2,2,2,2,2,2,2,2,2,2,2,2,2,2,2,2,2,2,2,2,2,2,2,2,2,2,2,1
FOODS_3_610_TX_3_validation,0,1,1,1,1,1,1,1,1,1,0,1,1,1,1,1,1,1,1,1,1,1,1,1,1,1,1,1
FOODS_3_611_TX_3_validation,3,3,3,3,3,3,3,3,3,3,2,3,3,4,3,4,3,3,3,3,4,4,4,3,3,3,3,4
FOODS_3_612_TX_3_validation,0,0,0,0,0,0,0,0,0,0,0,0,0,0,0,0,0,0,0,0,0,0,0,0,0,0,0,0
FOODS_3_613_TX_3_validation,0,0,0,0,0,0,0,0,0,0,0,0,0,0,0,0,0,0,0,0,0,0,0,0,0,0,0,0
FOODS_3_614_TX_3_validation,0,0,0,0,0,1,2,2,1,1,0,1,2,3,2,5,2,3,2,3,4,3,3,3,3,2,3,3
FOODS_3_615_TX_3_validation,1,1,0,0,1,1,1,0,0,0,0,0,0,0,0,0,0,0,0,0,0,0,0,0,0,0,0,1
FOODS_3_616_TX_3_validation,2,2,2,2,2,2,2,2,2,2,2,2,2,3,3,3,2,2,2,2,3,3,3,2,2,2,3,2
FOODS_3_617_TX_3_validation,2,1,1,1,1,1,2,1,1,1,1,1,2,2,2,1,2,1,1,2,2,2,1,2,1,1,1,1
FOODS_3_618_TX_3_validation,3,3,3,3,3,3,3,3,3,3,3,3,3,3,3,3,3,3,3,3,3,3,3,3,3,3,3,3
FOODS_3_619_TX_3_validation,0,0,0,0,0,0,0,0,0,0,0,0,0,0,0,0,0,0,0,0,0,0,0,0,0,0,0,0
FOODS_3_620_TX_3_validation,1,1,1,1,1,1,1,1,1,1,1,1,1,1,1,1,1,1,1,1,1,1,1,1,1,1,1,1
FOODS_3_621_TX_3_validation,1,1,1,1,1,1,1,1,1,1,1,1,1,1,1,1,1,1,1,1,1,1,1,1,1,1,1,1
FOODS_3_622_TX_3_validation,0,0,0,0,0,0,0,0,0,0,0,0,0,0,0,0,0,0,0,0,0,0,0,0,0,0,0,0
FOODS_3_623_TX_3_validation,0,0,0,0,0,0,0,0,0,0,0,0,0,0,0,0,0,0,0,0,0,0,0,0,0,0,0,0
FOODS_3_624_TX_3_validation,1,1,1,0,1,1,1,1,1,1,1,1,1,1,1,1,1,1,1,1,1,1,1,1,1,1,1,1
FOODS_3_625_TX_3_validation,0,0,0,0,0,0,0,0,0,0,0,0,0,0,0,0,0,0,0,0,0,0,0,0,0,0,0,0
FOODS_3_626_TX_3_validation,0,0,0,0,0,0,0,0,0,0,0,0,0,0,0,0,0,0,0,0,0,0,0,0,0,0,0,0
FOODS_3_627_TX_3_validation,1,1,1,1,1,1,1,1,1,1,1,1,1,1,1,1,1,1,1,1,1,1,1,1,1,1,1,1
FOODS_3_628_TX_3_validation,3,3,3,3,4,5,4,2,3,3,4,4,5,4,3,5,3,3,3,4,3,2,3,3,3,3,4,4
FOODS_3_629_TX_3_validation,1,1,1,1,1,1,1,1,1,1,1,1,1,1,1,1,1,1,1,1,1,1,1,1,1,1,1,1
FOODS_3_630_TX_3_validation,0,0,0,0,0,0,0,0,0,0,0,0,0,0,0,0,0,0,0,0,0,0,0,0,0,0,0,0
FOODS_3_631_TX_3_validation,0,0,0,0,0,0,0,0,0,0,0,0,0,0,0,0,0,0,0,0,0,0,0,0,0,0,0,0
FOODS_3_632_TX_3_validation,1,1,1,1,1,1,1,1,1,1,1,1,1,1,1,1,1,1,1,1,1,1,1,1,1,1,1,2
FOODS_3_633_TX_3_validation,0,0,0,0,0,0,0,0,0,0,0,0,0,0,0,0,0,0,0,0,0,0,0,0,0,0,0,0
FOODS_3_634_TX_3_validation,1,1,1,2,2,3,2,2,1,1,2,2,3,2,1,1,1,1,1,2,2,1,1,1,1,1,2,2
FOODS_3_635_TX_3_validation,10,8,7,8,10,13,19,23,12,9,0,11,12,18,15,15,15,17,18,19,25,21,20,19,20,20,22,23
FOODS_3_636_TX_3_validation,3,3,3,2,2,3,2,3,2,2,2,2,3,3,2,1,2,2,2,3,3,3,2,2,2,2,3,2
FOODS_3_637_TX_3_validation,0,0,0,0,0,0,0,0,0,0,0,0,0,0,0,0,0,0,0,0,0,0,0,0,0,0,0,0
FOODS_3_638_TX_3_validation,1,1,1,1,1,1,1,1,1,1,1,1,1,1,1,1,1,1,1,1,1,1,1,1,1,1,1,0
FOODS_3_639_TX_3_validation,1,1,1,1,1,1,2,2,1,1,1,1,1,2,1,2,1,1,1,1,2,1,1,1,1,1,1,2
FOODS_3_640_TX_3_validation,1,1,1,1,1,1,1,1,1,1,1,1,1,1,1,1,1,1,1,1,1,1,1,1,1,1,1,1
FOODS_3_641_TX_3_validation,0,0,0,0,0,0,0,0,0,0,0,0,0,0,0,0,0,0,0,0,0,0,0,0,0,0,0,0
FOODS_3_642_TX_3_validation,1,1,1,1,1,1,1,1,1,1,1,1,1,1,1,1,1,1,1,1,1,1,1,1,1,1,1,1
FOODS_3_643_TX_3_validation,1,1,1,1,1,1,1,0,1,1,1,1,2,2,2,0,2,2,1,2,2,2,2,2,2,2,2,2
FOODS_3_644_TX_3_validation,1,1,1,1,2,2,2,1,1,1,0,2,2,2,1,2,1,1,1,1,1,1,1,1,1,1,1,1
FOODS_3_645_TX_3_validation,1,1,1,1,1,0,1,0,0,0,1,1,1,1,1,1,1,1,1,1,1,1,1,1,1,0,0,1
FOODS_3_646_TX_3_validation,2,1,1,1,1,2,2,1,1,1,1,2,2,2,2,0,1,1,1,2,2,1,1,1,1,1,2,3
FOODS_3_647_TX_3_validation,0,0,1,1,0,0,0,0,0,0,0,0,0,0,0,0,0,0,0,0,0,0,0,0,0,0,0,0
FOODS_3_648_TX_3_validation,1,1,1,1,1,1,1,1,1,1,1,1,1,2,1,1,1,1,1,1,2,2,2,1,1,1,1,2
FOODS_3_649_TX_3_validation,0,0,0,0,0,0,0,0,0,0,0,0,0,0,0,0,0,0,0,0,0,0,0,0,0,0,0,0
FOODS_3_650_TX_3_validation,1,1,1,1,1,1,1,1,1,1,1,1,1,1,1,1,1,1,1,1,1,1,1,1,1,1,1,1
FOODS_3_651_TX_3_validation,1,1,1,1,1,1,1,1,1,1,1,1,1,1,1,1,1,1,1,1,1,1,1,1,1,1,1,1
FOODS_3_652_TX_3_validation,6,5,5,5,5,5,6,5,5,5,5,5,6,6,6,5,6,6,6,6,7,7,6,6,6,6,6,8
FOODS_3_653_TX_3_validation,1,1,1,1,1,1,1,3,1,1,1,1,1,1,2,1,1,1,1,1,1,1,1,1,1,1,1,0
FOODS_3_654_TX_3_validation,4,4,4,4,5,5,5,4,4,4,4,5,5,5,5,4,4,5,5,6,6,5,5,5,5,6,6,5
FOODS_3_655_TX_3_validation,0,0,0,0,0,0,1,0,0,0,1,1,1,1,1,1,1,1,1,1,1,1,1,1,1,1,1,1
FOODS_3_656_TX_3_validation,2,2,2,2,2,2,2,2,2,2,2,2,2,2,2,1,2,2,2,2,2,2,2,2,2,2,2,2
FOODS_3_657_TX_3_validation,1,0,1,1,1,2,2,1,0,1,0,2,3,3,2,4,1,1,2,3,3,2,2,2,2,3,4,7
FOODS_3_658_TX_3_validation,0,0,0,0,0,0,0,0,0,0,0,0,0,0,0,0,0,0,0,0,0,0,0,0,0,0,0,0
FOODS_3_659_TX_3_validation,1,1,1,1,1,1,1,1,1,1,1,1,1,1,1,1,1,1,1,1,1,1,1,1,1,1,1,1
FOODS_3_660_TX_3_validation,6,6,6,6,6,7,7,7,6,6,6,6,6,7,6,7,6,6,6,6,7,6,6,6,6,6,7,8
FOODS_3_661_TX_3_validation,5,5,5,6,6,6,6,7,5,5,6,6,6,6,6,6,6,6,6,6,6,6,6,6,6,6,6,6
FOODS_3_662_TX_3_validation,1,1,1,1,1,1,1,1,1,1,1,1,1,1,1,1,1,1,1,1,1,1,1,1,1,1,1,1
FOODS_3_663_TX_3_validation,1,1,1,1,1,1,1,1,1,1,1,1,1,2,1,3,1,1,1,2,2,2,1,1,1,1,2,2
FOODS_3_664_TX_3_validation,2,2,2,2,2,2,2,4,2,2,4,2,2,2,2,2,2,3,3,2,3,2,2,2,2,3,3,2
FOODS_3_665_TX_3_validation,1,0,0,0,0,0,0,0,0,0,1,0,0,1,1,0,0,0,0,0,1,1,0,0,0,0,0,0
FOODS_3_666_TX_3_validation,0,0,0,0,0,0,0,1,0,0,0,0,0,1,1,1,0,0,0,0,0,0,0,0,0,0,0,0
FOODS_3_667_TX_3_validation,0,0,0,0,0,0,0,0,0,0,0,0,0,0,0,0,0,0,0,0,0,0,0,0,0,0,0,0
FOODS_3_668_TX_3_validation,3,3,4,3,4,4,4,4,3,4,3,4,5,4,4,3,4,4,4,4,4,3,3,3,3,4,4,4
FOODS_3_669_TX_3_validation,2,2,2,2,2,2,2,2,1,1,1,2,2,3,2,2,2,1,2,2,2,2,2,2,2,2,2,3
FOODS_3_670_TX_3_validation,0,0,0,0,0,0,0,0,0,0,0,0,0,0,0,0,0,0,0,0,0,0,0,0,0,0,0,0
FOODS_3_671_TX_3_validation,1,2,1,1,1,1,1,1,2,1,0,1,1,1,1,0,1,1,2,2,2,1,1,1,1,1,1,1
FOODS_3_672_TX_3_validation,3,3,3,3,4,5,6,5,5,5,3,6,7,9,8,7,7,7,7,7,8,7,6,6,6,6,6,3
FOODS_3_673_TX_3_validation,0,0,0,0,0,0,0,0,0,0,0,0,0,0,0,0,0,0,0,0,0,0,0,0,0,0,0,0
FOODS_3_674_TX_3_validation,1,1,1,1,1,1,1,1,1,1,0,1,1,1,1,1,1,1,1,1,2,1,1,1,1,1,1,1
FOODS_3_675_TX_3_validation,1,1,1,1,1,1,2,1,1,1,0,1,1,2,1,2,1,1,1,1,2,1,1,1,1,2,1,1
FOODS_3_676_TX_3_validation,0,0,0,0,0,0,0,0,0,0,0,0,0,0,0,0,0,0,0,0,0,0,0,0,0,0,0,0
FOODS_3_677_TX_3_validation,0,0,0,0,0,0,0,0,0,0,0,0,1,1,1,0,1,1,1,1,1,1,1,1,1,1,1,0
FOODS_3_678_TX_3_validation,2,2,1,1,2,2,2,3,1,1,1,2,2,2,2,2,2,2,3,3,3,3,2,2,3,3,3,2
FOODS_3_679_TX_3_validation,2,2,1,1,1,1,2,2,2,2,1,2,2,3,4,3,3,3,2,2,3,3,3,2,2,2,2,0
FOODS_3_680_TX_3_validation,0,0,0,0,0,0,0,0,0,0,0,0,0,0,0,0,0,0,0,0,0,0,0,0,0,0,0,0
FOODS_3_681_TX_3_validation,22,21,21,21,23,27,24,27,20,20,16,23,28,26,24,20,22,22,24,28,25,23,22,22,22,24,28,31
FOODS_3_682_TX_3_validation,10,10,10,9,9,9,9,11,8,8,7,8,8,9,9,7,8,8,8,8,9,9,9,8,8,8,8,7
FOODS_3_683_TX_3_validation,2,2,2,2,2,2,2,2,2,2,3,2,2,3,3,2,2,2,2,2,3,3,3,2,3,3,2,4
FOODS_3_684_TX_3_validation,1,1,1,1,1,1,1,1,1,1,1,1,2,2,2,1,1,1,1,1,1,2,2,2,2,2,2,1
FOODS_3_685_TX_3_validation,0,0,0,0,0,0,1,1,0,0,0,0,1,1,1,1,0,1,1,1,1,1,1,0,1,0,0,1
FOODS_3_686_TX_3_validation,0,0,0,0,0,0,0,0,0,0,0,0,0,0,0,0,0,0,0,0,0,0,0,0,0,0,0,0
FOODS_3_687_TX_3_validation,0,0,0,0,0,0,0,0,0,0,0,0,0,1,1,1,1,0,0,1,1,1,1,1,0,0,0,0
FOODS_3_688_TX_3_validation,3,2,2,2,2,3,4,1,0,0,0,0,2,3,1,1,1,1,2,3,5,4,4,3,3,3,4,7
FOODS_3_689_TX_3_validation,1,1,1,1,1,1,1,1,1,1,1,1,1,1,1,1,1,1,1,1,1,1,1,1,1,1,1,1
FOODS_3_690_TX_3_validation,0,0,0,0,0,0,0,0,0,0,0,0,0,0,0,0,0,0,0,0,0,0,0,0,0,0,0,0
FOODS_3_691_TX_3_validation,0,0,0,0,0,0,0,0,0,0,0,0,0,0,0,0,0,0,0,0,0,0,0,0,0,0,0,0
FOODS_3_692_TX_3_validation,1,2,1,1,1,1,2,1,1,1,1,1,2,3,2,1,2,2,2,2,3,2,2,2,2,2,2,2
FOODS_3_693_TX_3_validation,0,0,0,0,0,0,0,0,0,0,0,0,0,0,0,0,0,0,0,0,0,0,0,0,0,0,0,0
FOODS_3_694_TX_3_validation,23,23,23,25,26,27,27,22,22,22,25,26,28,29,24,26,24,25,27,28,28,23,24,24,25,26,28,22
FOODS_3_695_TX_3_validation,5,5,5,5,6,7,8,6,6,7,6,8,9,9,8,10,8,7,8,9,9,8,8,8,7,8,9,9
FOODS_3_696_TX_3_validation,0,0,0,0,0,0,0,0,0,0,0,0,0,0,0,0,0,0,0,0,0,0,0,0,0,0,0,0
FOODS_3_697_TX_3_validation,4,4,4,4,5,5,5,5,4,3,3,5,5,5,4,2,3,4,4,5,5,5,4,4,4,4,5,3
FOODS_3_698_TX_3_validation,2,2,2,2,2,2,2,2,2,2,2,2,2,2,2,2,2,2,2,2,2,2,2,2,3,2,2,2
FOODS_3_700_TX_3_validation,1,1,1,1,1,1,1,1,1,1,1,1,1,1,1,1,1,1,1,1,1,1,1,1,1,1,1,2
FOODS_3_701_TX_3_validation,1,1,1,1,1,1,1,1,1,1,1,1,1,1,1,1,1,1,1,1,1,1,1,1,1,1,1,1
FOODS_3_702_TX_3_validation,7,6,6,6,5,5,5,4,4,5,4,4,4,4,4,5,4,4,4,4,5,5,5,5,5,5,6,5
FOODS_3_703_TX_3_validation,1,1,1,1,1,1,1,1,1,1,1,1,1,1,1,1,1,1,1,1,1,1,1,1,1,1,1,1
FOODS_3_704_TX_3_validation,4,4,4,5,6,5,5,4,4,3,4,4,4,4,2,3,2,2,3,2,2,1,2,2,1,2,2,5
FOODS_3_705_TX_3_validation,0,0,0,0,0,0,0,0,0,0,0,0,0,0,0,0,0,0,0,0,0,0,0,0,0,0,0,0
FOODS_3_706_TX_3_validation,3,2,2,2,2,2,3,3,2,2,3,2,2,3,3,2,2,2,2,2,3,3,2,3,2,2,3,2
FOODS_3_707_TX_3_validation,1,1,1,1,2,1,2,1,1,1,1,2,1,2,1,0,1,1,1,1,1,1,1,1,1,1,1,1
FOODS_3_708_TX_3_validation,0,0,0,0,0,0,0,1,0,0,0,0,0,0,0,0,0,1,0,0,1,0,0,0,1,0,0,0
FOODS_3_709_TX_3_validation,2,2,1,1,1,1,1,1,1,1,1,1,1,1,1,1,1,1,1,1,1,1,1,1,1,1,1,1
FOODS_3_710_TX_3_validation,0,0,0,0,0,0,0,0,0,0,0,0,0,0,0,0,0,0,0,0,0,0,0,0,0,0,0,0
FOODS_3_711_TX_3_validation,5,5,4,4,4,4,5,15,4,4,2,5,5,5,5,0,5,6,7,6,7,6,6,6,7,7,6,0
FOODS_3_712_TX_3_validation,1,1,1,1,1,1,1,1,1,1,1,1,1,1,1,1,1,1,1,1,1,1,1,1,1,1,1,0
FOODS_3_713_TX_3_validation,0,0,0,0,0,0,0,0,0,0,0,0,0,0,0,0,0,0,0,0,0,0,0,0,0,0,0,0
FOODS_3_714_TX_3_validation,22,22,23,24,25,29,28,24,21,23,26,28,33,32,26,26,24,25,28,32,31,25,23,24,26,30,33,34
FOODS_3_715_TX_3_validation,1,1,1,1,1,1,1,1,1,0,1,0,1,1,1,2,0,0,0,1,1,1,1,1,1,1,1,1
FOODS_3_716_TX_3_validation,1,0,0,0,0,0,0,0,0,0,1,0,1,1,1,0,1,0,0,1,1,1,1,1,1,1,1,1
FOODS_3_717_TX_3_validation,1,1,1,1,1,1,1,1,1,1,1,1,1,1,1,1,1,1,1,1,1,1,1,1,1,1,1,1
FOODS_3_718_TX_3_validation,0,0,0,0,0,0,0,0,0,0,0,0,0,0,0,0,0,0,0,0,0,0,0,0,0,0,0,0
FOODS_3_719_TX_3_validation,1,1,1,1,0,1,1,0,1,1,0,1,1,1,1,1,1,1,1,1,1,1,1,1,1,1,1,0
FOODS_3_720_TX_3_validation,0,0,0,0,0,0,0,0,0,0,0,0,0,0,0,0,0,0,0,0,0,0,0,0,0,0,0,0
FOODS_3_721_TX_3_validation,0,0,0,0,0,0,1,1,0,0,1,1,1,1,1,0,1,1,1,1,1,1,1,0,1,1,1,0
FOODS_3_722_TX_3_validation,0,0,0,0,0,0,0,0,0,0,0,0,0,0,0,0,0,0,0,0,0,0,0,0,0,0,0,0
FOODS_3_723_TX_3_validation,4,4,7,8,12,16,8,5,4,8,10,16,20,13,9,9,11,12,17,22,15,12,10,12,12,16,20,20
FOODS_3_724_TX_3_validation,0,0,0,0,0,0,0,0,0,0,0,0,0,0,0,0,0,0,0,0,0,0,0,0,0,0,0,0
FOODS_3_725_TX_3_validation,0,0,0,0,0,0,0,1,0,0,0,0,0,1,0,1,1,0,1,1,1,1,1,1,0,0,0,0
FOODS_3_726_TX_3_validation,1,1,1,1,1,1,1,1,1,1,1,1,1,1,1,1,1,1,1,1,1,1,1,1,1,1,1,1
FOODS_3_727_TX_3_validation,3,3,3,3,3,4,5,4,3,3,4,3,4,5,3,2,2,2,2,3,5,3,2,2,2,2,3,6
FOODS_3_729_TX_3_validation,2,2,1,1,1,1,1,1,1,1,2,2,2,2,2,1,1,2,2,2,2,2,2,2,2,2,2,1
FOODS_3_730_TX_3_validation,1,1,1,1,1,1,1,0,1,1,0,1,1,1,1,2,1,1,1,1,1,1,1,1,1,1,1,1
FOODS_3_731_TX_3_validation,1,1,1,1,1,1,1,1,1,1,1,1,1,1,1,1,1,1,1,1,1,1,1,1,1,1,1,1
FOODS_3_732_TX_3_validation,0,0,0,0,0,0,0,0,0,0,0,0,0,0,0,0,0,0,0,0,0,0,0,0,0,1,0,1
FOODS_3_733_TX_3_validation,1,1,1,1,1,1,1,1,1,1,0,1,2,2,2,1,1,1,2,2,2,2,2,2,2,2,2,0
FOODS_3_734_TX_3_validation,6,5,5,5,5,5,6,5,5,5,3,5,6,7,6,8,5,5,5,6,6,6,6,5,5,5,6,7
FOODS_3_735_TX_3_validation,0,0,0,0,0,0,0,0,0,0,0,0,0,0,0,0,0,0,0,0,0,0,0,0,0,0,0,0
FOODS_3_736_TX_3_validation,0,0,0,0,0,0,0,0,0,0,0,0,0,0,0,0,0,0,0,0,0,0,0,0,0,0,0,0
FOODS_3_737_TX_3_validation,0,0,0,0,0,0,0,0,0,0,0,0,0,0,0,0,0,0,0,0,0,0,0,0,0,0,0,0
FOODS_3_738_TX_3_validation,1,0,0,0,0,1,1,2,0,0,1,1,2,2,1,0,0,1,1,2,2,1,0,0,1,1,2,2
FOODS_3_739_TX_3_validation,5,5,4,4,5,6,6,5,5,5,5,5,6,6,5,2,4,4,3,4,4,4,3,3,2,2,3,0
FOODS_3_741_TX_3_validation,5,5,5,5,4,4,4,3,4,4,6,4,5,5,5,4,5,5,4,5,5,5,5,5,4,4,5,3
FOODS_3_742_TX_3_validation,1,1,1,1,1,1,1,0,1,1,0,1,2,1,1,0,1,1,1,1,1,1,1,1,1,1,1,3
FOODS_3_743_TX_3_validation,1,1,1,1,1,1,1,1,1,1,1,1,1,1,1,1,1,1,1,1,1,1,1,1,1,1,1,1
FOODS_3_744_TX_3_validation,5,4,4,3,4,5,5,4,3,2,2,4,5,6,4,3,3,3,4,5,6,4,4,4,4,4,5,5
FOODS_3_745_TX_3_validation,0,0,0,0,0,0,0,0,0,0,0,0,0,0,0,0,0,0,0,0,0,0,0,0,0,0,0,0
FOODS_3_746_TX_3_validation,3,2,2,2,2,2,2,3,2,1,2,1,2,2,2,2,1,2,2,2,2,2,2,2,2,2,2,2
FOODS_3_747_TX_3_validation,1,1,1,1,1,1,1,1,1,1,1,1,1,1,1,1,1,1,1,1,1,1,1,1,1,1,1,1
FOODS_3_748_TX_3_validation,0,0,0,0,0,0,0,0,0,0,0,0,0,0,0,0,0,0,0,0,0,0,0,0,0,0,0,0
FOODS_3_749_TX_3_validation,1,1,1,1,1,1,1,1,1,1,0,1,1,1,1,1,1,1,1,1,1,1,1,1,1,1,1,2
FOODS_3_750_TX_3_validation,1,1,1,1,1,1,2,0,1,1,0,1,2,3,2,1,1,2,2,2,3,2,2,2,2,1,2,0
FOODS_3_751_TX_3_validation,1,1,1,1,1,1,1,1,1,1,1,1,1,1,1,1,1,1,1,1,1,1,1,1,1,1,1,1
FOODS_3_752_TX_3_validation,4,3,2,3,3,5,7,4,4,3,5,4,5,6,4,0,3,5,4,6,8,6,5,4,5,4,5,6
FOODS_3_753_TX_3_validation,2,1,1,1,2,2,3,2,1,1,2,2,2,3,2,1,1,1,2,3,4,3,3,2,2,2,3,6
FOODS_3_754_TX_3_validation,0,0,0,0,0,0,0,0,0,0,0,0,0,0,0,0,0,0,0,0,0,0,0,0,0,0,0,0
FOODS_3_755_TX_3_validation,2,1,2,1,1,2,2,3,1,1,1,1,1,2,2,3,2,2,1,1,2,1,1,1,1,1,1,1
FOODS_3_756_TX_3_validation,8,8,8,9,10,11,9,7,7,7,6,9,10,9,7,7,7,7,7,8,7,5,5,6,6,7,9,7
FOODS_3_757_TX_3_validation,5,5,4,4,4,4,4,3,4,4,4,4,5,4,4,2,4,4,5,5,5,5,5,5,5,5,6,4
FOODS_3_758_TX_3_validation,0,0,0,0,0,0,0,0,0,0,0,0,0,0,0,0,0,0,0,0,0,0,0,0,0,0,0,0
FOODS_3_759_TX_3_validation,1,1,1,1,1,1,1,1,1,1,1,1,1,1,1,1,1,1,1,1,1,1,1,1,1,1,1,1
FOODS_3_760_TX_3_validation,3,3,3,3,3,3,3,3,3,3,3,3,3,3,4,4,3,3,3,3,3,3,3,3,3,3,3,3
FOODS_3_761_TX_3_validation,0,0,0,0,0,0,0,0,0,0,0,0,0,0,0,0,0,0,0,1,1,1,1,1,0,0,1,0
FOODS_3_762_TX_3_validation,0,0,0,0,0,0,0,0,0,0,0,0,0,0,0,0,0,0,0,0,0,0,0,0,0,0,0,0
FOODS_3_763_TX_3_validation,0,0,0,0,0,0,0,0,0,0,0,0,0,0,0,0,0,0,0,0,0,0,0,0,0,0,0,0
FOODS_3_764_TX_3_validation,1,0,0,0,0,0,1,1,0,0,0,0,1,2,1,2,1,0,0,1,2,1,1,1,0,0,1,0
FOODS_3_765_TX_3_validation,1,1,1,1,1,1,1,1,1,1,1,1,1,1,1,1,1,1,1,1,1,1,1,1,1,1,1,1
FOODS_3_766_TX_3_validation,0,0,0,0,0,0,0,0,0,0,0,0,0,0,0,0,0,0,0,0,0,0,0,0,0,0,0,0
FOODS_3_767_TX_3_validation,5,4,4,4,4,5,9,4,7,6,2,7,8,12,10,13,10,10,11,12,16,13,13,12,12,13,13,30
FOODS_3_768_TX_3_validation,1,1,1,1,1,1,2,2,1,2,1,2,2,2,2,1,1,1,1,2,2,2,1,1,1,2,2,1
FOODS_3_769_TX_3_validation,2,2,1,1,1,3,3,2,2,2,1,3,4,4,3,5,2,3,3,4,4,3,3,3,4,4,5,2
FOODS_3_770_TX_3_validation,0,0,0,0,0,0,0,0,0,0,0,0,0,1,0,0,0,0,0,1,1,0,0,1,1,1,1,1
FOODS_3_771_TX_3_validation,0,0,0,0,0,0,0,0,0,0,0,0,0,0,0,0,0,0,0,0,0,0,0,0,0,0,0,0
FOODS_3_772_TX_3_validation,5,4,4,4,4,4,5,4,4,4,4,4,4,5,5,4,4,4,5,5,5,5,4,4,5,5,5,5
FOODS_3_773_TX_3_validation,1,1,1,1,1,1,1,1,1,1,1,1,1,1,1,1,1,1,1,1,1,1,1,1,1,1,1,1
FOODS_3_774_TX_3_validation,0,0,0,0,0,0,0,0,0,0,1,0,0,0,1,1,0,0,0,1,1,1,0,1,1,1,1,0
FOODS_3_775_TX_3_validation,0,0,0,0,0,0,0,0,0,0,0,0,0,0,0,0,0,0,0,0,0,0,0,0,0,0,0,0
FOODS_3_776_TX_3_validation,1,1,1,1,1,1,1,1,1,1,1,1,1,1,1,1,1,1,1,1,1,1,1,1,1,1,1,1
FOODS_3_777_TX_3_validation,1,1,1,1,1,1,1,1,1,1,1,1,1,1,1,1,1,1,1,1,1,1,1,1,1,1,1,1
FOODS_3_778_TX_3_validation,0,0,0,0,0,0,0,0,0,0,0,0,0,0,0,0,0,0,0,0,0,0,0,0,0,0,0,0
FOODS_3_779_TX_3_validation,0,0,0,0,0,0,0,0,0,0,0,0,0,0,0,0,0,0,0,0,0,0,0,0,0,0,0,0
FOODS_3_780_TX_3_validation,1,1,1,1,1,1,1,1,1,1,1,1,1,1,1,1,1,1,1,1,1,1,1,1,1,1,1,1
FOODS_3_781_TX_3_validation,1,0,0,0,0,0,1,1,1,1,1,1,1,1,1,2,1,1,1,1,1,1,1,1,1,1,1,0
FOODS_3_782_TX_3_validation,3,3,3,3,4,5,4,3,3,4,5,5,5,5,5,7,5,5,6,6,6,6,5,6,6,6,7,8
FOODS_3_783_TX_3_validation,2,2,1,2,2,2,4,2,2,2,2,2,2,5,3,3,3,3,3,3,5,4,4,3,3,3,3,3
FOODS_3_784_TX_3_validation,0,0,0,0,0,0,0,0,0,0,0,0,0,0,0,0,0,0,0,0,0,0,0,0,0,0,0,0
FOODS_3_785_TX_3_validation,9,8,7,8,8,8,10,7,8,8,5,8,8,11,10,13,9,8,8,8,11,9,9,8,8,7,8,8
FOODS_3_786_TX_3_validation,1,0,1,1,1,1,1,2,1,1,1,2,2,2,1,1,1,1,1,1,1,1,1,1,1,1,1,1
FOODS_3_787_TX_3_validation,3,2,1,1,2,3,3,5,2,2,1,3,4,4,3,2,2,3,3,3,3,2,2,2,2,2,2,3
FOODS_3_788_TX_3_validation,0,0,0,0,0,0,0,0,0,0,0,0,1,1,0,1,0,0,1,1,1,0,0,0,0,1,1,1
FOODS_3_789_TX_3_validation,3,3,3,3,3,3,4,4,3,3,3,3,4,4,3,2,2,2,2,2,2,2,2,2,2,2,2,1
FOODS_3_790_TX_3_validation,0,0,0,0,0,0,0,0,0,0,0,0,0,0,0,0,0,0,0,0,0,0,0,0,0,0,0,0
FOODS_3_791_TX_3_validation,2,1,1,1,1,1,1,1,1,1,1,1,1,1,1,1,1,1,1,1,1,1,1,1,1,1,1,2
FOODS_3_792_TX_3_validation,2,2,2,2,3,3,3,1,3,3,4,3,4,4,4,6,3,3,3,4,4,4,4,3,3,3,4,3
FOODS_3_793_TX_3_validation,0,0,0,0,0,0,0,0,0,0,0,0,0,0,0,0,0,0,0,0,0,0,0,0,0,0,0,0
FOODS_3_794_TX_3_validation,1,1,1,1,1,1,1,0,1,1,0,1,1,1,1,0,1,1,1,1,1,1,1,1,1,1,1,1
FOODS_3_795_TX_3_validation,2,2,2,2,2,2,3,3,2,2,2,2,3,3,3,2,3,3,3,3,3,3,2,3,3,3,3,3
FOODS_3_796_TX_3_validation,0,0,0,0,0,0,0,0,0,0,0,0,0,0,0,0,0,0,0,0,0,0,0,0,0,0,0,0
FOODS_3_797_TX_3_validation,1,1,1,1,1,1,1,1,1,1,1,1,1,1,1,1,1,1,1,1,1,1,1,1,1,1,1,1
FOODS_3_798_TX_3_validation,0,0,0,0,0,0,0,0,0,0,0,0,0,0,0,0,0,0,0,0,0,0,0,0,0,0,0,0
FOODS_3_799_TX_3_validation,0,0,0,0,0,0,0,0,0,0,0,0,0,0,0,0,0,0,0,0,0,0,0,0,0,0,0,0
FOODS_3_800_TX_3_validation,12,12,12,12,12,13,13,12,12,12,11,12,13,14,13,14,14,14,14,14,15,14,13,13,13,14,14,15
FOODS_3_801_TX_3_validation,4,4,4,4,5,5,5,1,5,5,6,5,6,6,5,7,5,5,5,5,5,5,4,4,4,5,5,2
FOODS_3_802_TX_3_validation,0,0,0,0,0,0,0,0,0,0,0,0,0,0,0,0,0,0,0,0,0,0,0,0,0,0,0,0
FOODS_3_803_TX_3_validation,1,1,1,1,1,1,1,1,1,1,1,1,1,1,1,1,1,1,1,1,1,1,1,1,1,1,1,1
FOODS_3_804_TX_3_validation,23,21,22,20,21,23,22,19,19,20,21,20,23,22,22,24,22,21,21,22,22,21,20,22,21,20,21,21
FOODS_3_805_TX_3_validation,2,2,2,2,2,2,2,0,1,2,2,2,2,2,2,2,2,2,2,2,2,2,2,2,2,2,2,3
FOODS_3_806_TX_3_validation,0,0,0,0,0,0,0,0,0,0,0,0,0,0,0,0,0,0,0,0,0,0,0,0,0,0,0,0
FOODS_3_807_TX_3_validation,3,2,2,2,2,3,3,2,2,3,2,3,4,4,4,5,3,3,3,4,5,4,4,4,3,3,4,6
FOODS_3_808_TX_3_validation,11,10,10,10,10,14,21,22,13,12,2,10,14,21,16,3,14,14,15,18,25,19,16,16,15,16,20,29
FOODS_3_809_TX_3_validation,1,1,1,0,1,1,0,0,0,0,1,1,1,1,1,0,0,0,1,1,1,1,0,0,0,0,1,0
FOODS_3_810_TX_3_validation,0,0,0,0,0,0,0,0,0,0,0,0,0,0,0,0,0,0,0,0,0,0,0,0,0,0,0,0
FOODS_3_811_TX_3_validation,16,15,14,13,15,17,18,13,13,12,13,13,15,17,15,11,13,12,14,17,20,18,18,18,17,18,20,26
FOODS_3_812_TX_3_validation,1,1,1,1,1,1,1,1,1,1,2,1,1,1,1,2,1,1,1,1,1,1,1,1,1,1,1,1
FOODS_3_813_TX_3_validation,2,2,2,2,2,2,2,2,2,2,2,2,2,2,2,2,2,2,2,2,2,2,2,2,2,2,2,2
FOODS_3_814_TX_3_validation,1,1,1,1,1,2,1,2,1,1,1,2,2,2,1,2,1,1,2,2,2,1,1,2,1,2,2,0
FOODS_3_815_TX_3_validation,0,0,0,0,0,0,0,0,0,0,0,0,0,0,0,0,0,0,0,0,0,0,0,0,0,0,0,0
FOODS_3_816_TX_3_validation,1,0,1,1,1,1,1,0,1,1,5,2,2,3,3,1,2,3,3,4,4,4,4,4,4,4,4,1
FOODS_3_817_TX_3_validation,0,0,0,0,0,0,0,0,0,0,0,0,0,0,0,0,0,0,0,0,0,0,0,0,0,0,0,0
FOODS_3_818_TX_3_validation,3,3,3,2,2,3,3,4,3,3,2,2,3,3,3,3,3,2,2,3,3,3,3,3,2,2,3,2
FOODS_3_819_TX_3_validation,1,1,0,1,0,1,1,1,0,0,0,0,1,1,1,1,1,1,1,1,1,1,1,1,1,1,1,1
FOODS_3_820_TX_3_validation,2,2,2,2,2,2,1,1,1,2,1,2,2,1,1,2,2,2,2,2,2,2,2,2,2,2,2,2
FOODS_3_821_TX_3_validation,1,1,1,1,1,1,1,1,1,1,1,1,1,1,1,1,1,1,1,1,1,1,1,1,1,1,1,1
FOODS_3_822_TX_3_validation,3,2,2,2,2,3,3,3,2,2,2,2,2,1,0,0,0,0,0,1,1,0,0,0,0,0,1,1
FOODS_3_823_TX_3_validation,0,0,0,0,0,0,0,0,0,0,0,0,0,0,0,0,0,0,0,0,0,0,0,0,0,0,0,0
FOODS_3_824_TX_3_validation,0,0,0,0,0,0,0,0,0,0,0,0,0,0,0,0,0,0,0,0,0,0,0,0,0,0,0,0
FOODS_3_825_TX_3_validation,1,1,1,1,1,1,1,1,1,1,1,1,1,1,1,1,1,1,1,1,1,1,1,1,1,1,1,2
FOODS_3_826_TX_3_validation,1,1,1,1,1,1,1,2,1,1,1,1,1,1,1,2,1,1,1,1,1,1,1,1,1,1,1,1
FOODS_3_827_TX_3_validation,2,2,2,2,2,2,2,2,2,2,2,2,2,2,2,2,2,2,2,2,2,2,2,2,2,2,2,2
